sample_id,split,y_true,y_baseline,y_condition,y_msa1d,y_msa2d
aeaa635615fb406d,test,1.2227164711475833,0.6202689036513123,0.613748207815765,0.51466554,0.5862462290167707
c50f1c8a199a5bf4,test,0.8388490907372553,0.6650778032951725,0.5817583393165773,0.4481531,0.6390177595268879
fa03a6c87b0063c1,test,-0.8860566476931633,-1.1168754298406791,-1.0423454577751456,-0.9424742,-0.9326520749622244
725c02b7ee8e6690,test,-0.3098039199714864,-0.8797109957597835,-0.8509915902766023,-1.4030946,-1.1050667495396491
d9c4aad8896cd9fc,test,-1.5100738030903051,-0.9136883371006864,-1.1247369362334447,-0.97113156,-1.1222630029797052
3f84085a68cce285,test,0.3266062568876718,-0.1378232294952077,-0.1088209853414436,-0.18041962,0.0322322593835413
f7ab8fbb5148347b,test,-1.0701837318296077,-1.9665732009709809,-2.363090686146658,-1.3519124,-1.453744792713479
d04e697b750f5f18,test,-1.378823718224965,-1.3648584474692949,-1.4465048867144266,-1.1668991,-1.3601355784906048
5c251912d77e2af1,test,2.382197210377454,1.3260916964876497,1.4460369730822549,0.96839863,1.157374615061222
2bca14991fa093f0,test,-0.8326826652518239,-0.4050991998567368,-0.1809712164362329,-0.4601232,-0.471956143615602
e6e479e67dc990e6,test,-3.6989700043360174,-2.4905272699026693,-2.677896945916713,-2.132048,-2.2331190551665685
fcec5666315b2845,test,-1.0607391022493968,-0.2098991737561458,-0.2652398896602635,-1.0908542,-0.8689253094962103
4150ea2c20711682,test,-3.548455006504028,-3.0008433508849643,-2.6737609021638185,-2.4484904,-2.7166516523694035
bd149c5f2a860a11,test,-3.366531544420414,-1.2206427772898008,-2.376853264922128,-0.72122306,-0.7996585628988601
90d2652ee952a7d7,test,-0.9507819773298184,-1.3446996655253305,-1.1865802834655794,-1.0023314,-1.1276717181934253
0b61be0cbbc730a2,test,-0.4155011163426508,-0.2630295947402764,-0.2406062822937915,-0.33350533,-0.3509074650874134
410d7a49739c5386,test,0.3740940135031002,-0.0432256000618295,0.1428288206090575,-0.16293444,-0.0222593052799147
9420a5c2ebcc32cc,test,-2.5850266520291822,-1.4932300883123306,-1.912410991968433,-0.83967847,-0.7581643531496043
8bfc3970adfbf83f,test,2.093407562223727,-0.8590702819313185,-0.7443692243545088,-0.8479032,-0.7004410493948605
a4ea6b1ff10a4190,test,-1.5086383061657274,-0.9182050769224006,-1.0188215838034491,-1.2345853,-1.5233775039646142
8b8f39fb755874ec,test,0.5513886760692408,0.8040223837697078,1.219417736497164,0.2532351,0.2062061241644331
2a504644223ed612,test,0.7481880270062004,-0.4726740546773905,-0.3885758675784735,-0.73614854,-0.2511265592691518
fd1a85e48b86c2e4,test,-1.5086383061657274,-1.62901887515871,-1.5603670605662807,-1.502049,-1.7766961184965016
464ec4b9458e76ef,test,-1.214670164989233,-0.8869686737786642,-1.2327073942141185,-0.7673173,-0.8445038558146005
745175f664ae1597,test,-1.3643836190991487,-0.9690054757135595,-0.8103483031482446,-0.52145445,-1.2085266934518113
32e86d6c9f57fb17,test,-0.4685210829577448,-0.9623846289705816,-1.3864449071936855,-0.9984218,-1.060838379542646
9a9586b175e9cff9,test,-0.6196945308011477,-1.12144461264762,-1.174562224384374,-1.2783717,-1.1458342588299932
e3f08479bb2730ca,test,-2.6989700043360187,-1.1581014073386315,-0.9369945025580196,-0.99751514,-1.2426537331324998
4d6820164e854183,test,-0.5451551399914898,-1.554232790480725,-1.5520817469079016,-1.8451405,-1.6650231752768945
fb7416cd1ee8c3af,test,-1.7569619513137056,-1.2220637921223627,-1.28004276635746,-1.1318291,-0.9794149345727616
c59a80b12b372b4d,test,1.3010299956639813,0.4287115622559072,0.6279295238531328,-0.36956704,-0.1962165929201524
841b7096402d56a8,test,-1.562249437179612,-1.6265687008596577,-1.753015337003785,-1.4169579,-1.3928968714880698
56754b5f5517c2f9,test,-0.3673155418270696,-0.3791365704647642,-0.3841080189754771,-0.6687959,-0.6578315115044125
56fb70ff42f99d32,test,0.8477408382450987,0.5128205734551481,1.1273163586939248,0.6283801,0.68948023566565
941c5f1f22404089,test,1.255272505103306,0.8946466377236179,0.8559624032491837,0.97670275,0.9844598610652768
8d9cce78c286d141,test,-1.083546051450075,-1.1535554381866082,-1.3705711407849597,-1.2776603,-0.9394493139363098
48c15952fc575be0,test,-1.3049742517705063,-0.3846011655190115,-0.6571137691637227,-0.7713886,-0.4831387244707972
208e610c0ed97321,test,-0.5079389585694449,-0.4236083984581495,-0.520304999650988,-0.73365784,-0.6242647540768101
1985b7acfc1933fb,test,-3.8538719643217614,-2.2211556841543683,-2.4435960842933966,-2.316094,-2.63699012856594
1452dec236dcb3df,test,-0.6989700043360187,-0.8904133207109795,-0.8260536397074264,-0.88465697,-0.9710083977841226
423877d7d70dbeae,test,-3.0,-2.2784156459278613,-2.1042037278444305,-2.1410842,-2.257799624568096
9e684bd37fc9cfa0,test,0.2443455609778598,0.8411219312038305,1.1325561748270938,0.9532138,1.0279878189433502
03c8f6416bd52623,test,-1.6989700043360187,-0.4734965380018689,-0.4285318995857801,-0.3687334,-0.4313798288242844
89f4c458a8d3e604,test,0.0,-1.1641570145943358,-0.9377245471105112,-1.8091706,-1.3157757456689838
4b8ccd0c2036f216,test,-1.1832804532487629,-0.6368957995562462,-0.6800656232211499,-0.5582746,-0.6712987496941504
d0d4ebdbc4a138d9,test,0.4969384574706056,0.8486044510156755,0.6068502937221111,0.40687785,0.6892027870700671
6247328bac7a3542,test,-2.404274492767552,-1.7811721573199233,-1.6613111339125015,-1.4938887,-1.9044716216426332
e0e231f3135e99ac,test,-3.823908740944319,-0.9590822905747848,-1.359061181142066,-1.0519989,-0.7950759789066675
05b236eb951701c4,test,1.2833012287035497,-0.8102228222431196,-0.5270808384620652,-0.94832474,-1.0199527523291476
d0ea5917f1a2521b,test,-0.3279021420642826,-0.958456518161582,-0.7742680160227285,-1.0297619,-0.9161004031617253
dca7de9e04b8e749,test,-2.00436480540245,-1.769598481683624,-1.634237988116736,-1.9098079,-2.2027534471649326
071b5850993e20e8,test,-1.958607314841775,-2.2954363851284323,-2.059542158149273,-2.120819,-2.2664797334982545
6d7ae6a934a5d3a0,test,-0.4881166390211256,-0.6123595823805772,-0.5160971449617556,-0.9032818,-0.7579145935255458
412a4fbe61c57bbc,test,-0.2392785283576012,-0.1997660389364596,-0.2142223174328095,-0.2048023,-0.1590077015493661
aedf374e909bbea2,test,-1.275724130399211,-1.2277393861177932,-1.4788021425697992,-1.1465868,-1.4658730257660129
9d5e2dbffcaa8ce9,test,-0.0969100130080563,-0.9287143058102704,-0.4841634342702336,-0.27940816,-0.3963658377345063
9752cd2952fad8c3,test,0.6180480967120927,-0.372452298301354,-0.5186534159027896,-0.2645286,-0.4838829290612311
e29f42b88241e88d,test,0.8129133566428556,-0.1036027344073967,-0.4657674402985644,0.1796545,0.0739173130711682
bc5f77eb856a7995,test,-0.0555173278498313,-1.0692503207273716,-0.96002235066283,-1.3443834,-1.3382671299284985
90eaa4efb31be826,test,-3.0132282657338,-2.84149617018048,-2.945020385337908,-1.7390599,-2.611190549499641
cb52849b73247dc9,test,-1.744727494896694,-0.8047847809230964,-0.8791941552233362,-1.3853991,-1.4828000409727216
abd855b34b416871,test,-0.8013429130455774,-0.5982082681406433,-0.3652741833288151,-0.7762919,-0.4473049789300778
4df4835ca9c04b58,test,-2.2518119729938,-1.6524444333838368,-1.8344324471480336,-1.1971198,-1.1105144074644928
ae89c32195abb2d4,test,0.021189299069938,0.4198374894075543,0.381485355000234,0.36208677,0.6026135230432735
62de92c265e3f9e3,test,-0.0777937225609836,-0.7945206192963747,-0.5316144627980667,-0.4463384,-0.7032503236138545
1b7baee1bc903b3e,test,-2.218963061378868,-2.1374913681022987,-2.059985513077372,-2.5068796,-2.375227019189056
8a1ab3860a750cb0,test,-0.0599818449923368,-0.3503455589219081,-0.2362041310983447,-0.33458245,-0.3040121193038326
f4b06e1d4c400a94,test,-0.4332090876184082,-1.2099294421280624,-1.1956087142820937,-1.3362085,-0.9484838355092488
4e34d85f5a8f86d4,test,-1.6020599913279625,-1.8955335543119367,-1.3714423124810071,-1.0769831,-1.0440777234781335
e1a3c5876ff46ee6,test,-1.4621809049267258,-1.0143276417546696,-1.253072987652955,-0.6483949,-0.7835271287969816
b86ec36d1251db94,test,-1.080921907623926,-1.085755151019245,-0.9771485271824414,-0.82245576,-0.4513858580411862
ce6396dd793f62fd,test,-0.1745738822321768,-0.8092311975931777,-0.8538282139775053,-1.3416399,-1.508755931159724
e5aa05eeb109c0d4,test,-3.2814419534759605,-2.8111005734213323,-2.637229203298123,-2.3826861,-2.4927626913231955
bd83376a5c167d7f,test,-0.8538719643217619,-0.8572997175942099,-0.4804489563022724,-1.0543852,-0.769095440002083
fd784c1ef9625d04,test,1.1271047983648077,-0.1710560381820846,0.076662111357035,0.036852743,0.3496281474105034
ae8df5bfba9155c2,test,-2.3628056022248103,-2.202514317362635,-2.410246693892461,-2.0559847,-2.211564894222241
3816ff9a31bff10a,test,0.143014800254095,-0.2260700060505385,-0.1352624197689143,-0.27686322,-0.1976496717510091
c03362c93669be0b,test,-1.8082718517376235,-2.104925584888686,-2.0637574179806277,-2.0447254,-2.04648556568393
1798d1c539530de6,test,-1.0655015487564323,-0.9322839901773236,-0.9493404094490236,-0.5183799,-0.6359857283643517
d67b3fcd8617c013,test,-1.6575773191777938,-1.869315936452221,-1.6402448694777578,-1.6892825,-1.8525207718048289
bb04c7a07962fef0,test,-5.200659450546419,-3.758590521447113,-4.324195200804467,-2.034013,-2.216472078863825
6ef8399e0a5ad000,test,-1.9208187539523751,-1.7515586638968814,-1.6964612570709623,-1.6482728,-1.9588977881429408
52997f087a35e34f,test,-2.8632794328435933,-2.6606679959394843,-2.608539702679428,-2.3176415,-2.3213075604013422
3fbb3ba68c20c37a,test,-1.490189881877671,-1.6503411591490855,-1.2506411803703092,-1.9373289,-1.900615074669128
4739e1c362cfe290,test,0.1139433523068367,-0.0499617954346405,0.1654292728451279,-0.18878701,0.093668301358894
8147cbbe79b2aa03,test,-0.585026652029182,-0.1316308587760323,-0.4552834092924828,-0.3803773,-0.1912228410342843
8b6cac04af6e2d18,test,-0.2580609222708011,-1.1169707356792429,-0.9553710952567396,-1.25924,-1.4650733429584677
e3da3606e523f906,test,-0.9665762445130504,-1.215328275005847,-0.9135295013877198,-1.0079099,-0.9639137529902806
c39af8dff503d027,test,-5.958607314841775,-2.9195216545181397,-3.337025779298034,-2.0273547,-2.130656518273909
fc62fb70361ad678,test,-1.3467874862246565,-1.2787547081641395,-1.2806130587523674,-1.0140859,-0.8820888847630404
d9bf9273e7881a3f,test,-0.7772835288524167,-1.8351499226211525,-1.7759025641034274,-1.0916896,-1.1319088026201969
1d6678090d9f5de7,test,-0.5228787452803376,-0.193609667430232,0.3157003387828468,0.2103664,-0.1018040058710046
8f42b61eb9dc5d26,test,-0.3872161432802645,-0.1623419209626319,-0.0809930339624553,-0.08239574,-0.0205431437970676
88189281381628ba,test,-0.2596373105057561,-0.3053103180171879,-0.4506655332039235,-0.24677987,-0.3882773968098514
016edca4f713e429,test,-1.7851561519523047,-1.3598509252402722,-1.2945272455751484,-1.0819069,-1.34896076279486
80f8b4e59f09fb90,test,-0.9582861650704458,-1.2842404812942134,-1.5173288123440627,-1.4973288,-1.337557224168308
3ca77912daebe997,test,-0.4253900586598128,-0.699307830594349,-0.7401402781927684,-0.88803315,-0.9560350382802192
bc5693f113e7682d,test,-2.00429834870998,-2.2075100964849583,-1.880252314598225,-1.9106877,-2.2626877725946937
cb9caecf023a5ea3,test,-2.21467016498924,-2.14831215583383,-2.009013014172821,-1.7390102,-1.7502496604880884
c61a5d9f2b2ffe58,test,0.8129133566428556,-0.0073750852405228,-0.1721753850930762,0.36794868,-0.1321009381735555
00420e4986fac19c,test,-0.3129751926945882,-0.9022855472817294,-0.5003777019877511,-0.9177639,-1.1849537937714476
19e28bf2784c17ba,test,0.3222192947339193,-0.9692503844712228,-0.7634440234091281,-1.6122108,-1.12284406126887
ad0f0cd23fe08ed7,test,-1.1249387366083,-1.2483306228580864,-1.279659512942956,-1.177432,-1.2324537801062172
fda6530759f4cf22,test,-0.8601209135987634,-0.8485473625782812,-1.0058286558106186,-0.98532945,-0.7682994181446179
ffde85688b66337e,test,-3.154901959985743,-3.15514503304566,-2.889585606958448,-2.125251,-2.2672329314075195
b5bd2e6162debf66,test,-0.2781893847874533,-0.4424388323934544,-0.4193383599265495,-0.3426635,-0.5040117794773235
da2680e9ac2fd196,test,0.2211079778760707,-0.949246607495152,-1.1446607275963063,-1.0282788,-1.0512307276301498
d1357407c9bde6f3,test,-3.6989700043360174,-2.1670201265476674,-2.1554685010690706,-1.7396659,-1.948123325021093
baa8bb5830f664e7,test,0.3838153659804312,0.2139404809645624,0.4389582394481762,0.15969269,-0.0169379825528397
8011dcbf5bd8765e,test,-0.9208187539523752,-0.4547072569471416,-0.2111466052577523,-0.4756964,-0.6678350853336137
d42d00a84f86fff1,test,-1.6020599913279625,-0.6033232956106583,-0.5195825694240116,-0.8534327,-0.8187099867165979
49441d329611b65b,test,-2.5686362358410126,-2.32946720743565,-2.133009243672222,-2.0510714,-2.504169637335873
4d6776cd2dcf3faa,test,-1.7212463990471711,-0.7928514852810973,-0.8812446676119883,-1.2237229,-1.0494116312169663
9be34f0e853df319,test,-0.4089353929735008,-0.8501791552031243,-1.049383174314059,-1.0337597,-0.6678356075118616
93b2e48e4df3c166,test,-1.0457574905606752,-0.7140092470246142,-1.0044437962885804,-0.98061717,-1.0347907690678395
a23c33341632f971,test,1.5943925503754266,0.4135749238550179,0.7999600494215654,0.21483108,0.4244065667661367
6b0612a24f11fa1f,test,-1.3187587626244128,-1.30074448284412,-1.1121109059511527,-1.6909032,-1.6602160146770844
525b203e4ea7002c,test,0.4592720097240201,0.1845073607943409,-0.0376970113768361,-0.16010985,0.0292229968391766
ab08bfd11047f762,test,0.1238516409670858,-0.627279271020835,-0.4987413464253508,-0.7195879,-0.6008707989167061
d7797b81f7bfda1b,test,0.5440680443502757,0.9890144465709574,0.7129701346884271,0.8070561,0.845712384274676
f2d36aca7fdf20c1,test,-2.356547323513813,-1.4888780547185971,-1.8543303558477635,-0.9562828,-1.0147596179557306
f545ee1b2a9b624f,test,0.8633228601204559,0.3238824067585269,-0.2952003723660829,-0.47621623,-0.0397381986245565
1fae590f648d7346,test,0.9444826721501688,1.3711042102945128,1.1131272004608117,0.9351036,1.37367462721904
1250fa1081f9c87d,test,-2.8217958364805096,-2.333214977100964,-2.5619853102099275,-2.483344,-2.451891437928035
a99b4db628e33064,test,1.845098040014257,0.6697231447316144,1.0925803400920655,0.51296866,0.5069469057414134
30c8eca44ea2851a,test,-0.2146701649892329,-0.3932064535561246,0.1386298701287781,-0.07309598,-0.2858076755520348
9bb633d070d75c16,test,0.1846079287050714,-0.5389901719696484,-0.1917843032430236,-0.28299952,-0.5471821139870278
3a9fd3ff9813b7b1,test,-0.9430951486635274,-1.0120941791204918,-0.7891554066162848,-0.9473929,-0.9689814705630648
9fe36dcb3a863501,test,-0.4013597209371904,-1.1682914592073064,-1.0207803392116737,-1.0207853,-1.1148748971080416
fcbc0f7344b28742,test,-0.7351821769904636,-1.180957964568092,-0.939269603063094,-1.223239,-1.412841697325519
f170ff2bf720fe7b,test,-1.207608310501746,0.0837801859862063,-0.1559226951256873,0.011763037,0.1409221817144588
638105cd56e6c452,test,-1.2839966563652008,-1.0499693770567395,-1.0337661250833028,-1.3414465,-1.35029172054658
1669a32ddfcfc6c6,test,-1.3467874862246565,-1.400526121154514,-1.6232623305881106,-1.6138247,-1.5943333692161423
69aacd7e0976bc6b,test,-1.585026652029182,-1.590909722757155,-1.555117094852937,-1.6668133,-1.0179505046992297
02298fa98e784ec5,test,0.4471580313422192,0.3868189744403052,0.4433791116994409,0.42118347,0.2272505160213631
ad7d8c6864af6fee,test,0.8750612633917001,-0.4003548211067382,-0.3766821566765002,-0.18222784,-0.3339475209677343
d32feaa0699c085a,test,-1.9706162223147905,-1.497027995000563,-1.4272889837214948,-1.560348,-1.5629146437803731
72116dd624cdb5a0,test,-0.0268721464003013,-0.7528724381553654,-0.8331025306414355,-0.79663414,-0.9521542832590648
1f413530256d869f,test,-0.0928945205420393,-0.520110311794926,-0.7599406676594495,-0.94622797,-0.787244218860441
eba8dc918086cb22,test,-3.3010299956639813,-2.5649606601145925,-2.445874714934448,-2.1525114,-2.2720966860716287
707453ac892a88d1,test,-2.795880017344075,-2.0791239931888925,-1.9913977420512985,-1.4806505,-1.5331225968478752
b1cc85108a088ec2,test,-1.6989700043360187,-1.0165293577953938,-1.1520682634659365,-0.8720686,-1.1203751618302764
fdc89928013cbb32,test,0.785329835010767,0.2027742431125695,0.4916896786978429,0.4186043,0.1634506405175914
5727bec95709f7b3,test,0.9611031387195084,-1.042462589022894,-1.2122325414646722,-1.0497872,-0.7622584604113053
fdb51d4e584d08c4,test,-2.920818753952376,-2.148626552770725,-2.427224432520421,-2.0204384,-1.9980311717825936
f70305edff8c2fb2,test,0.3783979009481377,0.0882295299435026,0.2021165595653368,0.041769274,0.1105268409723609
2a1b67aa29f081ee,test,-0.4559319556497244,0.1410212757048964,0.4566394031447318,0.7328907,0.977015490129058
25898427bd3270e3,test,1.0,0.6799086012451655,0.9752064800579644,0.34362102,0.1477299155105673
cefc74dc6a1cd9b3,test,0.7634279935629373,0.0260961785548073,-0.1374721346280305,0.033113256,-0.018717901551623
562735dcd3ccdc6a,test,-1.2013718585374291,-1.4479839983580851,-1.3333982239997373,-1.2619823,-1.445074078831526
c147a58ed8d46da8,test,-2.926935982160881,-1.7020837857596864,-2.03303259617504,-2.0595746,-2.028717684888553
ea9d04ba432f754e,test,0.8134620838131037,0.209672508441077,-0.1447593834104037,-1.0639148,-1.0665501609466437
1ebc11fe7865df62,test,-4.3979400086720375,-3.1162602986049626,-3.68397089743309,-2.7558334,-2.800936039576472
e2612c2fad5be907,test,-1.6575773191777938,-1.339622307907178,-1.5713271400104367,-1.3721316,-1.4259135605690771
6c28f098ba6701eb,test,-1.4559319556497243,-0.5834074699743791,-0.6514255145723484,-0.48250726,-0.2842557048118864
2c9d96561b6dc0ee,test,-1.0457574905606752,-1.2175595983482967,-1.2895660731875909,-1.4510131,-1.252620346548274
eb04c0d4ef2e0bb8,test,-1.2890681161053212,-0.9678556853314344,-0.7586169145779202,-0.9265608,-1.0549288149050986
d4f1412ebffce283,test,1.0413926851582251,-1.0810459715600298,-0.8971581776123464,-0.9948028,-1.015945628297034
9aff2a431cfa3e9c,test,1.6505149978319906,1.1636044565064232,0.9522697149177464,-0.26886117,-0.4433974602548949
dcd6ef60397777f0,test,-1.3565473235138126,-1.8186261167091249,-1.6212813845995162,-1.4873098,-1.4471151507509328
272e3508df55db83,test,-1.2618371423803632,-1.348724450826464,-1.1437292274749669,-1.1610546,-0.9250059401463032
77ec46e70abd54b0,test,0.3617278360175928,0.3807272340641849,0.3524785005505049,0.3254338,0.1960836771823596
b27dab4ee2c764fc,test,-3.3010299956639813,-0.7847768809803353,-0.9050938602931806,-0.94609904,-1.004700150617264
6c49f0719f2f904f,test,-0.2924298239020636,-1.2496692365363362,-1.209105103684162,-1.235513,-1.5734848728237611
e7a831ab9e152ef8,test,-2.10790539730952,-3.468240809450544,-2.894400871848434,-2.0529292,-1.9450456169406485
001ea1a1f6ef29ad,test,-0.7351821769904636,-1.0855610936036852,-1.0934985444531016,-0.9364831,-1.132567248379449
fb3cf7a06c3393a3,test,1.3297671926568404,0.7728692813695682,0.6197928982601518,0.48318547,0.7974252516068269
ffd6efcf17abf36c,test,-1.5228787452803376,-1.8645033914030675,-1.5522667258518603,-1.0172058,-1.0844452659989243
2c6f9a03d754d1fc,test,-1.562249437179612,-1.286724483017586,-1.0809839573721445,-1.1631601,-1.182226967532601
89e6f7a229ad5968,test,-0.1999706407558656,-0.5697562344394514,-0.5108859249430662,-0.5273183,-0.5195773274903103
6c6f044c8c4d19bd,test,-2.1398519546814314,-0.9192790783178918,-1.155293066208554,-0.75591654,-0.8160565036552994
5d3b80a2741220d2,test,-0.3010299956639812,-0.6545578657928405,-0.1851405612048713,-1.2031218,-1.1549574454747558
1ece890d8f7783f3,test,-2.958607314841775,-2.652277871411111,-2.779348655077525,-2.337884,-2.3582538558372685
5d6f698e95d4746a,test,-1.4449055514216809,-2.0700081109543285,-2.0926880219006474,-1.6778841,-2.209727145262538
541bfd403421477d,test,-1.154901959985743,-0.1225270406685961,-0.2215029718353543,-1.5293518,-1.7305843729947072
da2ea2091814b4a2,test,0.021189299069938,0.0578947224976707,0.4154993471672992,0.4811404,0.558619520676825
157fa701fdfd7ddb,test,-1.3010299956639813,-0.379575639438807,-0.6133486791800439,-0.41532242,-0.8056709669096013
24e4cfa4040c78e5,test,-0.2765443279648142,-0.465370614285489,-0.7211483586077827,-0.6321855,-0.5778538115868542
d25d4878c730dd29,test,-1.2218487496163564,-0.0531223997853785,-0.2380271288753262,-0.47953844,-0.4232856741340722
c0063798927d6d32,test,-2.154901959985743,-1.4159878650036808,-1.439261176279747,-1.7761523,-1.6275907377482657
5c6d81327a84e6b1,test,-4.657577319177793,-3.765544074840916,-3.674990666576433,-2.8398378,-2.7565993582798587
e749a9f7b6133c0f,test,0.1760912590556812,-0.6159923548750066,-0.1148200085203486,-0.52681804,-0.4350429373905658
31019a8b50e52f7f,test,-2.5228787452803374,-1.4720097922262705,-1.3713432944598911,-0.8917276,-0.6781195273065672
045a1bdc8a88ffeb,test,-2.356547323513813,-1.0417665430797771,-0.8738189077615471,-1.0033762,-1.004353274727855
8ae940c883e98eb3,test,-1.4259687322722812,-1.3404102008337888,-1.311832321926252,-1.2357632,-1.5270113155645109
799d3457b10d3fea,test,-1.42021640338319,-1.072497330500782,-1.1272560092995636,-0.88167316,-0.922140625361669
d8829cf576b5279e,test,-1.779891911959945,-1.5092101038332602,-1.227906397866572,-1.0602214,-1.577338706782902
ca45c08ae8be19c5,test,-1.9706162223147905,-0.3306701248863423,-0.2639480357428532,-0.5317529,-0.5017746588870694
6e04293ecd15d561,test,-2.473660722610156,-1.4869115557101824,-1.33673994101881,-1.6928686,-1.4842132644015082
10ba17d0665c926a,test,-0.5451551399914898,-0.0788786151561185,-0.1229587555602959,-0.14019318,-0.1188227543283936
39fa1045fc152e03,test,1.8976270912904407,0.4224080438216809,0.6043735624051908,0.49598455,0.6004107038460194
5a78d65cb2798b7a,test,-4.3979400086720375,-3.4573241696276105,-4.300310031175788,-1.902393,-1.6380774121788408
6e91e6e37ae94b53,test,-1.3827413582436567,-1.843460982218661,-1.609692677917488,-1.5971302,-1.5891573085280215
3246470d79c9fd49,test,-0.7614393726401688,-1.3640693607033612,-1.4222535886753942,-1.1842462,-1.3304762944160682
86451d2dfce02b54,test,0.2298500020590275,0.3155916311985575,-0.2830449515893144,-0.92756355,-0.9728038527485944
497217efc0dda9a3,test,-0.2547969205447751,-0.7212805428803397,-0.8075008444852274,-0.3789727,-0.3840638189503588
0fe2f2b19e451836,test,1.3636119798921444,-0.52236112549801,0.0231588319312011,-0.6377457,-0.7375105835606015
34bbadce52b597d9,test,-2.229147988357856,-1.215647549243027,-1.0865612194315624,-0.87279636,-0.8768793716992017
119f849b3401d38a,test,1.4471580313422192,-0.5650784805235755,-0.1788893938640608,-0.6574909,-0.6823266169938824
ee889506b1276539,test,-1.7212463990471711,-1.827313756422468,-2.0576150338460155,-2.204016,-2.3579847322083425
950ddc639429cf04,test,-2.41369853439507,-1.9385592009998265,-1.979463593121886,-2.43733,-2.50116003319735
eb5309836cde3b43,test,1.5526682161121932,0.6004648490598007,0.5380591497006415,-0.14332469,-0.144418487014114
8ef46db636a3d999,test,0.380211241711606,-0.1272645468929034,0.0191257391649282,0.11174625,0.1661317892511344
0b0a26d129dc8aa2,test,0.5118833609788744,-0.7643380363729243,-0.6457741576640568,-0.458119,-0.7034689135748371
102d85d06f65b1a0,test,1.8215135284047728,0.0877604333902367,0.5380211932553612,-0.10311608,0.1754888233100268
0a58d4fd49b8ebdf,test,-1.3279021420642825,-1.5559777267249812,-1.7367928081771336,-1.56009,-1.812859125728436
53a74c4d703b0fa4,test,0.2787536009528289,-0.7141610513299905,-0.922388357227506,-0.70043194,-0.9726652060173084
3912ad50e2966d96,test,0.093421685162235,-0.0373499674195355,-0.102616974930419,-1.3388058,-1.2521805756031896
93a69d9bc253d176,test,-1.8451849162870504,-0.7136209782988814,-0.901261407385342,-0.75714207,-0.6312354901740346
712edb8e8d5aa9fb,test,-0.2218487496163563,-1.2224036572455494,-1.2961516863845364,-1.2528018,-1.1198630992478464
2fde56b09e688e82,test,-0.2146701649892329,-0.1919774563114633,0.499532455265182,-0.22002688,-0.255039238517354
f5e9705d4e27dea4,test,-0.9355420107730816,-1.1063198774962557,-1.2188672642556302,-1.5326588,-1.577342210040256
f2de8815c8598d2e,test,-0.9913998282380824,-0.6503416884940364,-0.9781497256211632,-0.6755403,-0.8695791100778096
1143f0512f4b8c2f,test,-2.173393743112328,-1.9458250037200389,-1.7724416538707948,-1.6257179,-1.6568222068682688
fbd62aee26a8f158,test,-0.8239087409443188,-0.9281328086337464,-0.7419331671193095,-1.2493212,-1.0837712764854464
2b5ec3e675fe87ea,test,-2.721246399047171,-1.1570272445248118,-1.302008445812437,-0.94175434,-0.9116906589920644
f89ec38ae4d94014,test,-1.5528419686577808,-2.0595687179211257,-1.8968909614337917,-2.2348452,-2.1548453863025343
30a1105abecfa48b,test,0.1149444157125846,-0.8510912065008085,-0.5354878508421963,-0.49965945,-0.868858134228321
28bebdfd70c20c55,test,-2.130768280269024,-1.0419947537514205,-1.014327188328297,-1.3403028,-1.219203459359275
491feeb03d8ca675,test,0.5728716022004802,0.3776792095654964,0.3551524703817774,0.6479027,0.2343164834199407
b078cd9755ac3149,test,-0.6989700043360187,-0.8999912138214353,-0.9071543964638432,-0.8530436,-0.8260323457158318
f5de894441aad147,test,-0.5528419686577809,-1.0055127626513745,-1.0363444668212496,-1.8788449,-1.5490082245857566
ed65936b28375d6d,test,-1.1829125641187,-1.081525248456407,-0.8349272845385765,-0.42273745,-0.775977740722634
648841086388eaa7,test,-1.4814860601221125,-1.7169709183238933,-1.7743434861259493,-1.486315,-1.291576280879159
14e9c32f721a3820,test,0.3873898263387294,-0.7039701698129346,-0.4538838749639829,-0.53532976,-0.4017832599424693
0f4f736e20b444ff,test,-2.744727494896694,-2.018029649587242,-1.7634979148384278,-2.228286,-2.387553003357381
33db6a03ab1cef86,test,-0.958607314841775,-0.7203419404822882,-0.9484475638733472,-1.0879391,-0.9778566921708696
2e0a36e173fd4cf8,test,-0.1366771398795441,0.1823374346017901,-0.2450256772991738,-0.18261577,-0.2780878871459826
6b21e9bf53214011,test,-1.7440583195105628,-1.3158447938623363,-1.6576377601077357,-1.391486,-1.694910385201613
09e2720d4c51300f,test,-2.397940008672037,-2.312052553862974,-2.2637471486379224,-2.1996024,-2.3527076699559344
8fb514e4adf37338,test,-1.3979400086720375,-1.2978869462410738,-1.257855818704284,-1.369355,-1.3391434763967789
9d260ef30d8a6f92,test,1.2667843565972898,1.2191415924554223,1.3183613277626922,1.6896722,1.4247657168221242
911993c5abd3105b,test,-1.207608310501746,-0.8747392549676012,-0.8460108187698611,-0.9053232,-1.0905935140091596
c98655616c86d71f,test,0.9856379243690526,0.6630615657549774,0.5921648375335307,-0.35981593,-0.4268621853281576
93112c1f538e5ade,test,-0.8538719643217619,-0.8331420644947685,-0.3536754076268337,-0.91609234,-1.0215404867322444
7044dff922f5c03c,test,-0.8538719643217619,-0.8817849053021259,-0.8996221746366151,-0.8389373,-1.2570488375050344
563406fe7f84c0c6,test,-0.5199930570428494,-0.5570149949238749,-0.5293714524708127,-0.49355602,-0.5643731129573165
ee49b4d25fd9d81a,test,-2.501824368597847,-2.736090817382202,-2.7664945755271764,-2.6461003,-2.692144963514476
d6237a5a1e2cada3,test,-2.408935392973501,-1.5762644633653728,-1.7055814971687568,-0.34158158,-0.8783350938227555
1e123ddf7b97d463,test,-2.00145493513415,-0.108833404886639,0.1612679353856158,-0.08631472,-0.0894054198008238
3ae8bfcca489b84f,test,-2.229147988357856,-2.052563739355912,-2.0751262178616687,-1.3664908,-1.4093570160865838
67fb92c66cc31537,test,0.3010299956639812,-0.9483138339598486,-0.4945249104096554,-1.1628544,-1.055998044049549
146c249c6729f0d5,test,-1.9318141382538383,-1.4909274025201904,-1.3328434261710838,-1.7369167,-1.8729239953910384
0628beebda2e0f88,test,2.7573960287930244,2.0671357525557283,1.8283154321264448,0.87325394,1.1176802266685908
7957c84871978a0b,test,-0.0809219076239261,0.2594979033600728,0.1541545252224148,0.1855777,0.0811116045917936
6469bacf0ddc3ae3,test,-1.9665762445130504,-2.240274273455954,-2.047916505101984,-1.4284592,-1.4979900407991782
9acebbc28ce78c5f,test,-0.790484985457369,0.0486641310091002,-0.7044331311503685,-0.23861194,-0.320128845750369
ffd85c7de9551c72,test,-1.083641634148662,-1.8781438176832612,-1.8788579869262,-2.5263793,-2.5503107548567336
0ce49e5a69466d68,test,-0.2251020287127417,-0.2585978175876722,-0.5579893089447739,-1.2129982,-1.063312949014314
f1821c1b7941c0f4,test,-2.0629838925351858,-0.3939569400700974,-0.5490394399193088,-0.56523687,-0.6522260709694105
fe89c723ce0b0682,test,-0.8538719643217619,-1.8653131705131316,-1.9182115191036897,-1.3871212,-1.4283149597106486
f8f23d1d01519a1c,test,-1.2291479883578558,-2.3338158392837207,-2.6936382866745805,-0.8072112,-0.4777582728907092
2efd29d81796ea2f,test,-0.4685210829577448,-0.0612259497336292,-0.0518921378650796,-0.18165496,-0.1993254645623905
46109fe6dc4ae245,test,-0.4814860601221125,-0.6562829628933479,-0.6219277340624738,-0.7574768,-0.5176135555980689
308eb330172dc226,test,-1.6382721639824072,-1.3793370419988649,-1.302820561966914,-1.3322487,-1.6137458121580306
b131968246c6ccdc,test,-2.920818753952376,-2.7417737730457024,-2.969318446785345,-2.2542536,-2.463301476910193
54e0c52ce14923af,test,-2.795880017344075,0.5067798032185373,0.9101850185301036,-0.6992269,-0.7741173252009784
21c439f5f36a1884,test,-1.7878123955960423,-1.4066647611648506,-1.219012426030753,-0.9436003,-1.3140619726230394
edc4a0002fc3e889,test,-0.6989700043360187,-0.8614279176880575,-1.102081995706356,-0.806491,-1.072510799746049
b47cb231aeb92db3,test,-0.978810700930062,-1.2007961500995483,-1.2530649520007389,-1.169987,-1.2544741147299592
939f0dbfe0033632,test,0.4424797690644485,0.4636270865371318,0.6266780254009279,0.6804426,0.4886581908219211
2649716c1bbdc77e,test,-2.5686362358410126,-2.072353651038561,-2.2193288041496,-1.9424977,-1.9669734282703912
2cf004499377b583,test,0.5797835966168101,0.4222946158654236,0.526680806991274,0.3807948,0.2590592762850052
e1016b29114669a7,test,-1.0861861476162833,-0.9944015217788594,-1.0699667862505822,-0.89068455,-0.9021096215782304
00f6ef4e96033b48,test,-0.3665315444204134,-0.4562264543685677,-0.7059997207048618,-1.2028551,-1.045823714660682
214a23af5cc63fb7,test,-1.958607314841775,-1.5103088257984123,-1.5937344988601605,-1.7364203,-1.5425382849894262
357b04658857cd78,test,1.434568904034199,1.643793674422041,0.3385113839622451,-0.4964623,-0.6555455160766922
e71d4d1c465c7b16,test,-1.2890368810047244,-2.063603803970082,-2.218419771753461,-2.4135249,-2.62526528021107
55f8ae1f85bb0592,test,-0.3010299956639812,-0.8080885362910294,-0.9776325097803372,-0.8174248,-0.770182338961965
f39427edf69fdc01,test,-2.707743928643524,0.0877384797507029,-0.2233608466555254,-0.073379576,-0.0651471656173634
0f1398560a064348,test,-1.728158393463501,-2.0561666323468546,-1.919670354781405,-1.915534,-2.1134336827508102
a57f6e575f30a204,test,1.1818435879447726,1.0974553611528364,1.1103824034245198,0.910569,0.7141862604831101
a49dd18e35dcfa2e,test,0.8337843746564789,-0.782410835501083,-0.4934919470470381,-0.9058458,-0.9884257689900878
fe2619093ca597ec,test,-1.1674910872937636,-0.9351268686865608,-0.7818106054735506,-1.2394817,-0.9280159687429312
734abdb02dd38645,test,-2.2365720064370627,-1.8691684393939696,-1.1463922543365186,-1.0840327,-1.2386957684346809
fc00ae86e76a04f6,test,-0.6989700043360187,-0.6024384935552175,-0.741589454956939,-1.054505,-1.3033053344717171
2f85cfcc7ed82696,test,-0.3415227304969124,-0.8613698130921945,-0.9890829014161132,-1.4303918,-1.2479812758297242
f64266fea212f515,test,-2.657577319177794,-2.1509223789924103,-2.2966254488394733,-2.2242115,-2.241924350453563
6f234c350ad28f51,test,0.2380461031287954,-0.1037634853478258,-0.1846863848180719,-0.23282796,0.0283847408391018
2092859761797064,test,0.8673533304426542,-0.592899796394903,-0.4794264206137532,-0.7770372,-0.5195187107798916
7e2c40ce6abe9057,test,1.4313637641589874,-0.0919433388966939,0.0208802171163036,0.7239653,0.6185079904588937
d9a4c0eab78fe216,test,-6.154901959985743,-3.279855824516641,-4.018297761875533,-2.0747325,-2.0340395555790733
5a962365068d4da3,test,-2.036212172654445,-1.1922815237037625,-1.017236241740235,-1.1864913,-1.1627463642460278
52a0ad0dcedbeb42,test,-1.6989700043360187,-1.3057778907462625,-1.0344166179417655,-1.3718927,-1.2303322803730328
2556bd5c932c4be3,test,-0.6989700043360187,-1.3295376883663284,-1.5261524822698829,-1.4257196,-1.1719873104000855
fd1ce1a0fdb19a0a,test,0.6720978579357175,-0.8019833562887183,-0.941140278046406,-0.78865504,-0.8139455616449955
d5fb195050eab6d8,test,-2.5228787452803374,-1.5468688356781728,-1.6839985691052484,-1.5444027,-1.752944970654858
319ffb3c0ab63493,test,0.3222192947339193,0.57053801939651,0.9066317888923804,0.51872814,0.4215155383732644
8e404a455eb29446,test,-0.1331221856625011,-1.4647668555198974,-1.53769835434374,-1.2984811,-1.214289432679252
a835084982e2b797,test,-1.6020599913279625,-2.132854372726266,-1.8569288436288536,-1.9653275,-2.176842453302825
ddaafda370e00610,test,-3.595749914719775,-2.8972867021237905,-3.046256410873446,-2.2202375,-2.120321170055885
72d812a5f61ba847,test,1.5563025007672873,0.4221713180773939,0.4093488193664059,0.6330287,0.7852948220085251
87d196de56507861,test,2.0170333392987803,1.5576471903971845,1.2989795181549533,1.0896373,1.2482889000959532
c9820b5489a55a56,test,0.5185139398778875,0.2241328851472797,0.0309664353236818,-0.03500947,0.113900679336137
ad19bb3aad8dc124,test,1.1139433523068367,0.64136169717542,0.3116133524135153,0.26015732,0.2466644799476321
e9c344e97c36ef56,test,-0.0809219076239261,-0.5263646671681813,-0.509631297347064,-0.74131405,-0.4072111697631749
772180cee62ae40f,test,-2.795880017344075,-1.9876222111209212,-2.0331431192092184,-2.5218916,-2.5388626079418883
8c0bc4eeb4bd2b2e,test,-1.8860566476931635,-1.3822803978688825,-1.4089341860573432,-1.3177499,-1.4249472754932813
bb274098b8c2306b,test,-1.1904402853647322,-1.623140551945153,-1.618599379218736,-1.7685746,-1.5665273733207796
58c00353dbaa989b,test,-0.7685914427952478,-0.6824308595717703,-0.6097408036016988,-0.61399966,-0.6968070542461411
a9941266aaa36373,test,0.785329835010767,0.8811989201474777,0.8284135423939316,0.22604135,0.1897312603598928
6e516b46c132a9d0,test,0.6812412373755872,0.1359639090335658,0.4459310370233671,-0.23607191,-0.0818583594693003
88d931083fb1530e,test,-0.6478174818886375,-1.0697748276271632,-1.0372696558291987,-0.7762465,-1.1126698330647924
1d235695c685495e,test,-0.1804560644581313,-0.3335165615329178,-0.2747001705063158,-0.113615,-0.4362819521774936
37cfcd684a1a0926,test,-1.4885796945617362,-2.015569186287708,-2.0245983071704314,-2.0449872,-2.020685972764422
3008492994da4142,test,-0.3872161432802645,-0.6318433243375648,-0.7147769559879621,-0.5107327,-0.5709206868027836
82482d8a31457ad4,test,-0.5934598195660449,-0.5092047482545251,-0.7497771441294152,-0.8852159,-0.524539773184295
d0e532c85fe2c407,test,-1.5000217158099036,-2.1763229764804644,-2.06301119826614,-2.2547956,-2.1536646361140237
3b1b92b685fa5fa2,test,0.041392685158225,0.2818992848731442,0.4170389048856258,0.52627224,0.3762589667545787
b15bc2faf2ecbd75,test,-1.8068754016455384,-0.9311670766357396,-0.9593750565698148,-0.8674614,-1.2517690661425167
1d8ed5f77d869409,test,-1.9208187539523751,0.3025104458905975,0.3574180874810836,0.43991172,0.5499025033127377
653c25890f9cda27,test,-0.3979400086720376,-0.712082436824655,-1.1242501791306214,-2.0145688,-1.8103538175895455
60dd7b1c298f1401,test,-0.6920408887837712,-1.2661751882231396,-1.233988875578229,-1.2571766,-1.1515296320597237
0424c312b3aa6119,test,-2.6989700043360187,-1.8116493550216568,-1.820584446385582,-1.6373746,-2.0480242905822967
f1c80b49cafb1bfc,test,1.307496037913213,0.7867291599192635,0.3443122907612568,0.20491037,0.9195691468074918
3d63882dd3310d1c,test,0.7708520116421442,-0.2783969166378467,-0.0378797007844179,-0.3118518,-0.3272651394554913
e058555d044530cb,test,-1.2365720064370629,-1.042213087427286,-0.9488233748516312,-0.6713224,-0.694275149699503
13894135e30bf395,test,-0.6382721639824072,-0.2654802892341405,-0.2501851698483592,-0.7329507,-0.9205363049860364
9db36637b3b0d7a9,test,1.0413926851582251,-0.5586439088436652,-0.9107104367770006,-0.8255365,-0.8234070993578276
75db24fc6fecd13e,test,-1.119844070020226,-1.5777895509980886,-1.647043748789585,-1.761622,-1.809863595092498
e142743aa3ef851f,test,1.2434984442159114,0.6661806925732143,0.6354329668604548,-0.37221602,-0.4812783520013298
039e361782bee6ae,test,-1.5228787452803376,-1.1843962952260632,-1.4446348318116828,-1.6520346,-1.454193018285824
6c3809536045930e,test,-2.0409586076789066,-1.74873520136794,-1.8731551301506075,-2.2655385,-2.1534175804869538
d7744c13aa5b2ec7,test,-2.070581074285707,-2.021427577885618,-2.2622258879945303,-2.4592917,-2.7042709118907964
dc6a18b8014cb3b1,test,-0.583359492661719,-1.4840181396745282,-1.639502683577928,-1.1957635,-1.1539657882064636
7933bbd1950839e4,test,-0.9719765779107848,-0.946503306785314,-0.3217066222266849,-0.9159816,-0.6505318006438381
417ff39d3adb40a8,test,-1.1901563954659635,-0.9129775263670968,-0.5619164417643968,-0.036776114,-0.492071861519031
96dcbf543c447900,test,-0.2272210763762642,-1.0807788815073072,-1.020750774179504,-1.2143865,-1.1268543767911985
041ffa6149b0049b,test,-3.673393743112328,-2.5134507293272708,-2.2621688016425496,-1.9186518,-2.263901849885273
b24183f3b2977f67,test,-1.4173685605103636,-2.0347907057103867,-2.2105731124028747,-1.6290301,-1.9930588209547029
1acf2c8168af7a87,test,-2.2365720064370627,-2.1707217926016225,-1.830775938270724,-1.765092,-1.9888577363800952
0ef4e4724df8c8b5,test,-2.5228787452803374,-1.5690213822833388,-1.6194059591529557,-1.6365253,-1.6537240048954196
45bde10ad6c6b236,test,1.1846914308175989,0.8394754653581032,0.7288248053265911,0.41073912,0.5188183485424013
7f02a7bcc17cb9cf,test,-1.3665315444204136,-0.6318278376528951,-0.8538688458631213,-0.87539804,-0.7130638961677391
fbb43ddbfca162c1,test,-1.1426675035687317,-0.549167937847695,-0.8063906789537879,-0.6884754,-0.8028888569253704
7b667a37d63a7ce0,test,-1.408935392973501,-1.6395201474462888,-1.4431337062969307,-1.2288032,-1.3528546623749669
96912328c9a0446c,test,-1.665546248849069,-1.2712426298831498,-1.4025094073103308,-1.2232333,-1.3443483569814858
c14c0a0840a31431,test,-2.3585258894959003,-1.2785080131650106,-1.3279211942741678,-1.2054163,-1.155563880965504
6096b586e53dd946,test,-0.9601894458516496,-1.8636301030908549,-2.0034785697185677,-1.8105088,-1.766642159993409
29a1b92e986c9c32,test,-4.4089353929735005,-3.3001166015250623,-3.1912814408022028,-2.3030052,-2.2223882218235467
675f753febcb222d,test,-0.0506099933550872,0.4537953628836085,0.2798224298315127,0.3154281,0.2105382565427834
4d7201d8c8f0df5f,test,0.9444826721501688,1.307790123900092,1.376623795656942,1.351658,1.3425621676308757
70e88632c31c83e1,test,-0.0087739243075051,-0.2779354739224421,-0.3064492548081772,-0.3503253,-0.6011934732254851
e1dfe038943ca060,test,-0.7328282715969863,-1.424909199805101,-1.1908433000943317,-1.7450156,-2.041292979340182
2a8187d4b2a15547,test,-1.9706162223147905,-1.4348466829192308,-1.693184763886137,-1.9944859,-2.1205789578171994
04dc84b321b9fcaa,test,0.5314789170422551,-0.056126113927633,0.2461800534775135,0.24781696,0.1348540167030436
9a82ae94047a23e6,test,-1.0,-0.7295756647630005,-0.5928764283882147,-0.8378442,-0.9990853284845796
6027a25e0003b00b,test,-0.0915149811213502,-0.1241911469794203,0.0052074015319268,-0.49125788,-0.0085270490805972
7fc941c06ddf2462,test,0.8573324964312685,0.3716474996224391,0.2655159668954549,0.40760735,0.2178831628863665
0f9776452da20de9,test,-0.6020599913279624,-0.0086647504368175,0.124663746338681,-0.1835761,-0.097170325809017
b4f7e7d02138a038,test,-2.356547323513813,-1.3465945859284494,-1.4637013582163076,-1.1787901,-1.071500007494896
38eb17bbee3e4bb6,test,-2.100054157671567,-1.686012754545252,-1.5858563645023025,-1.2476137,-1.52117035648789
89beff81cc47d809,test,0.1461280356782379,-1.0421311150621924,-1.1740047592926277,-1.1590418,-1.2959032015636005
4fbd5bf118c6ca61,test,-0.8386319977650252,-0.8389279316643083,-0.848322324126555,-1.0585781,-0.8798462611464747
5c4af5a0f2f340ab,test,-2.721246399047171,-2.1127586772021005,-2.127009867862936,-2.265973,-2.4981111731219454
a918b64aca650d68,test,0.5563025007672873,-0.5878323759771062,-0.5843090516578456,-0.5415661,-0.42495081184074
5b38d4816db6fc82,test,1.5440680443502757,0.1340835918807327,0.465032002238906,0.63488925,0.3306689902009039
9f86db278df58897,test,0.6812412373755872,-0.6148877404163622,-0.6531954618613572,-0.99656177,-0.6899546495315555
0ad3fcf6758d582d,test,-2.5521549422097314,-1.7546194642050528,-2.0221794028596127,-2.0146773,-1.5838660588857163
58448157d4691c13,test,-1.6882461389442458,-1.2735502547795068,-1.311535901401307,-1.2499734,-1.1753436756362603
26e172b28e02bbd3,test,0.8750612633917001,0.5329235507545892,0.3650593436791039,-0.4275634,-0.2006499872288113
61b008eb1f09e801,test,0.0530784434834196,0.1960945027395773,0.4902640168159946,0.21045497,-0.0138320080508412
c90126477d7de95f,test,-2.928336435003977,-2.0721948996156145,-1.9694956546595468,-1.4798629,-1.7111564568221775
0272508433a0972c,test,-0.5718652059712112,-1.1939900218538004,-1.261353032490301,-1.3320475,-1.1954979428868944
f5f58a5d5c2b776e,test,-1.0998808240591131,-1.272230018088646,-0.8209239284059514,-1.127482,-1.3188662788524204
f6ef74c107e6e983,test,-1.6989700043360187,-1.5604722836130946,-1.4976826292357996,-1.590707,-1.6643182093080575
b49c2249628f1cbd,test,-0.3279021420642826,-0.8625773447741887,-0.9212986508989258,-1.0313551,-0.7748340758306856
b66a27494f890630,test,-1.0604807473813815,-1.8351807686397543,-1.9187304254319224,-2.0047886,-1.856672254841508
45f631ba23a87e7b,test,0.1492191126553798,-0.8655593115111327,-1.0049579442866057,-0.7542486,-0.9327066001148572
aa7f1542842201db,test,-3.2518119729938,-1.6048768210896205,-1.842680428338443,-1.8471885,-1.7818918692193797
274906dd93f08c9a,test,-0.5833179489987873,-0.6687731229511065,-0.6190236248640931,-0.952471,-0.6182740538011171
0eaf87c7d110ff45,test,-0.8696662315049939,-1.130000332888247,-1.2338890527663735,-1.8791705,-1.445851654396478
2f98f87bf4835050,test,-0.216096420727265,-0.6969601958123421,-0.5017886842648205,-0.39435276,-0.5541376157490098
afac13eded61d242,test,-0.5228787452803376,0.0315083370488237,-0.0244774790945417,-0.13406418,-0.4321763028563322
5bed5c98625cb45d,test,-0.7695510786217261,-0.5220236416000656,-0.4097998322214048,-0.5538785,-0.4306059192517457
18dbd9c29fbff9a3,test,-3.142667503568792,-1.179101328671604,-1.4771076002227583,-1.2469112,-1.1831890372938336
364b770cfc5e6025,test,0.8830933585756899,0.5745559127857108,0.3688217517480587,0.4145487,0.340567928447932
53f37e2c0c09fd27,test,-3.958607314841775,-2.9495675550722127,-2.601306300426565,-1.0694298,-1.07916160122083
e2f95d756a914f03,test,-3.6491081082196537,-3.1246275437028044,-3.2119516904844425,-2.8216376,-3.0767639247653724
c5d528f6195e8589,test,0.2657394585211275,0.6546406294635105,0.8020028095521671,0.28103298,0.5532759494842884
65f61639b5151e42,test,-0.7958800173440752,-0.3935428018094439,-0.0770361977586178,-0.09988145,-0.2273630056468136
b7f376cabe028356,test,-0.0484550065040281,-0.0450420967362464,-0.0596855355716408,-1.2645502,-1.0445129367280044
7658c25fb425c2c9,test,0.7634279935629373,-0.5720700964146963,-0.5929042229775305,-0.9232221,-0.9803587797518968
fce51545b64787b1,test,-0.8664610916297825,-0.5996569157039794,-0.5675060831182492,-0.43838415,-0.5433097324542963
8ca286f7521d4130,test,-0.5228787452803376,-0.6051536759669129,-0.5513634163295953,-0.29354835,-0.3872558641564607
8f431e0ceda555d4,test,-0.494850021680094,-0.0879963302339727,-0.3169657398769509,-0.35680285,-0.8167635948657033
cbea6862610a55f0,test,-0.3467874862246563,0.7959604169528294,0.9916192166346308,0.7157834,0.8079471102766614
3c5e1db08a9bdc9d,test,-0.5214335044061567,-1.4411792681399431,-1.1418278563905797,-1.1014216,-1.0208454287521262
d746d1680615ca54,test,-2.6020599913279625,-1.943316862378056,-2.109729527911578,-1.1669902,-1.0534940548222689
987dfeddcd49715a,test,-0.5376020021010439,-0.0044208209239597,-0.0007177910403341,-0.3086226,-0.2675063614865725
d6dac8bd022eddde,test,-1.6020599913279625,-1.2163596084000092,-1.0604358154168227,-0.9180534,-1.0762673090658077
bdac728447983460,test,-0.0414361167780325,0.5758200948002542,0.6057038234940586,1.2130668,1.1058130883866688
0bf23f0310df5341,test,-0.1549019599857432,0.0657256055918458,-0.1632713868604159,-0.13482077,-0.1938975082537333
0ae582e0ec115ed4,test,-2.552841968657781,-1.8723112912087236,-1.8144486933107196,-1.415337,-1.7187218419564698
73c786dcb092a727,test,-0.8634414657566292,-1.3898809412454034,-1.2392725331526382,-1.4374709,-1.2715335422737684
d06af75213f53edb,test,-0.6020599913279624,-0.7295824206868641,-0.9692440302564777,-1.1132412,-0.98015106672475
fe50ee56d3fc2d0d,test,-2.404503778174426,-1.150307928398407,-1.0888722925392975,-1.1454724,-1.173112514128075
470f172f305d38f4,test,0.2304489213782739,-0.8565701533360279,-0.9655618870355218,-0.76776135,-0.7444417780324245
60d706a1a4a27593,test,0.7075701760979364,-0.311455207676089,-0.2622293131389666,-0.62361884,-0.6071779704207922
915424b6635b4bf9,test,1.0413926851582251,-0.0455208656435937,0.0529551736535337,-0.49746865,-0.4976287325195948
5ada23223457e343,test,-3.3010299956639813,-2.0256441145369064,-1.9442846927148028,-1.5246222,-1.564756445316834
f31d2cc2cf3b8c1a,test,-1.1870866433571443,-0.6688026891473069,-0.8297170463137548,-0.99516356,-0.5786198418084055
0d59b4c811efa629,test,-4.769551078621726,-3.5321711165600043,-3.505870220510473,-2.1271157,-2.03525365656764
ee4b36e186705d99,test,0.5440680443502757,0.9546006771151606,1.0031474237554467,1.035768,0.985535959602693
f5b16adbf138260d,test,-0.5268050907950622,-0.2386386968029174,-0.2566039684449207,-0.24502538,-0.4171479956914111
3469b336852ff623,test,-2.0352905371428536,-1.610756690694151,-1.6461450488846383,-1.1676928,-0.9087898689237872
f2a63f3f3eaffe83,test,1.4393326938302626,0.4154638822131323,0.2711210087801748,0.5252171,0.5885769199585555
961a5a372fdc8ce4,test,-1.5228787452803376,-1.262862885523239,-1.0562421153884087,-1.2142447,-1.252538779815693
2dae8207840daf32,test,1.8573324964312683,0.5890727210610387,0.4187773820931125,0.49686486,0.2553225902968203
8ba8fec88742a583,test,1.57978359661681,0.2170218157490144,-0.3371209984316543,0.25348607,0.7878465978448134
3ba386e7093551db,test,0.3541084391474008,-0.8023207833393121,-1.1119039753496585,-0.9726246,-0.6477780081711781
ba18b807586d6595,test,-0.3767507096020995,-0.7201108900720186,-0.9497533376562316,-0.9997852,-0.7349817506922961
365989230c65a8e2,test,-0.4473317838878068,-0.0579741140835695,-0.0547846644666552,0.35715157,0.1982064120179942
2c21547d77023799,test,1.6803355134145632,1.3928142537709245,1.2290130306824156,0.7777795,0.994168907387904
dc98fd3dc09917ba,test,-0.7404061211140514,-0.8163854382120296,-0.800980761103984,-0.8496976,-1.0719768782131056
4a84c6efe6c3f946,test,0.2227164711475832,0.2821350631664018,0.3095556815424546,0.20060714,0.1067983563308987
0faf5b0add847374,test,1.4313637641589874,-0.1463205054774539,-0.2352053867266041,-0.24569678,-0.1423595628520537
e8f73890b8c0e2a8,test,-1.5228787452803376,0.3826495864805662,-0.4846686507098428,-0.11416969,0.1188692596399492
03fcdbb947c06fe9,test,-1.537602002101044,-1.492842294192118,-1.494525013598547,-1.4525381,-1.7720718065888212
0b09c616ee55f5de,test,-0.5301405588229476,-0.5940528381453276,-0.4246069336683146,-0.19871765,-0.4227343884041485
aae4f85b9d7d4639,test,-3.4814860601221125,-2.6596153270003877,-3.3216874466578155,-2.7523592,-2.405148632358116
2f836ffdd18841bf,test,0.9030899869919436,0.3128313409010813,0.0430886373153296,-0.75542325,-0.740709805827952
8ecf6549a15e06eb,test,-1.2924298239020635,-0.7466295693793864,-0.7494617223213782,-0.43921173,-0.556949016402341
55d6842a0cf2ebf7,test,0.0,-0.5156054389655037,-0.6735425803414207,-0.4462352,-0.5430562271733063
ee1724bd64d156c2,test,-2.136677139879544,-0.9323121857002156,-0.9787375872462296,-0.48002157,-0.2761362847561205
5bfb9d855ef82647,test,-2.309894379144197,-1.4151624846369613,-1.323290505707457,-1.381489,-1.664835959789076
1f1f43b8aeca8ff5,test,-0.1870866433571444,0.7477051629449911,1.108703087869731,0.48279676,0.1034823423509081
0408398ef145194c,test,-0.4814860601221125,-1.0733091834237731,-0.8478488429747401,-0.9851926,-0.913060184082348
1bc71f34a8720218,test,-1.362769947082046,-1.953431177598588,-1.730354891272183,-1.4765952,-1.9372954964110587
a965a08dbd7134bf,test,-1.853871964321762,-1.285698400125512,-1.3242742515993051,-1.36826,-1.2909598549469496
00bd32ea7ddf793a,test,1.885636426247008,1.205413789524985,1.0199430206876885,0.748128,0.8891389287887694
7b37a85dc212391f,test,-2.1419983281826003,-1.6144738172722446,-1.4254851021281896,-1.7131138,-1.7371987957502442
f01b9b5a3b3c6891,test,-1.958607314841775,-1.2933722394838507,-1.1975227789090188,-1.4607235,-1.3535311588894194
0d39ca40ed1d49b1,test,-3.191114132640188,-1.1868959427151555,-1.2163504923094273,-1.4892887,-1.010264945905819
fe79b106d12d3d83,test,-1.3467874862246565,-1.2819095278607535,-1.2416457764824715,-0.8039429,-0.8625755772903716
b43a1f538c0217ac,test,-1.073760003181572,-0.667860924480508,-0.535291952217238,-0.48823646,-0.6224238655895331
4c65cd11cd5b64cd,test,0.6627578316815741,1.0643379231996408,1.0469971624250043,0.76643956,0.9105121695686814
aa8bfcccf8002425,test,-0.7793689805519078,-1.1548011245683936,-1.3754587022359746,-1.1398515,-1.32975805030395
adb9f11580a356b1,test,0.1461280356782379,-0.1404173484470306,-0.2695871845794163,-0.9225753,-0.7081540923619559
7bc1fa894ccde991,test,-0.341035157335565,-0.776623431879632,-0.6055763929842801,0.29930338,0.4919674594672631
1a19651e7bfc2222,test,-1.563837352959244,-1.0713168935335668,-1.0628178512090074,-0.7082874,-0.5636041831578196
a25919b1031cbe2b,test,-0.3010299956639812,-0.4707466583915839,-0.331128100313132,-0.6821742,-0.4464335560962642
f098219c58ef82f3,test,-2.443028323846581,-2.329739344276071,-2.142167768492231,-1.9180181,-2.261256196008796
0ddff46f695a414c,test,-2.6020599913279625,-0.7217468043614873,-0.6995834852120227,-1.9341584,-2.097494940997416
9d511dfa2303acbd,test,-1.0655015487564323,-1.431108229347725,-1.340438469141615,-1.301579,-1.4714831107833075
e0da4c5b88f30eee,test,-0.0154785163470933,0.0025315368591956,0.7937137772937133,0.06488338,-0.1286790044092304
fe9cec16278cc250,test,-1.2031903450421302,-2.0337863052014047,-1.7466630545160655,-1.8284451,-2.0987876615627505
fb1ccc96b2cd897c,test,0.4712917110589386,-0.6250219888435529,-0.3447057290907884,-0.4320148,-0.5300583753835812
76f46e9651ccb05c,test,-5.3979400086720375,-3.0392923530578,-3.2332445619364765,-2.8006825,-2.4369639594572874
b6eaedb029d6b0de,test,0.0,0.5807564729399102,1.0243570737774834,0.6259744,0.7065872070236962
85fdacb0e959b166,test,-0.668621084159213,0.2072992607715188,0.2951045567034517,0.9618627,0.669825512455844
e5bf7b9f623deb6c,test,-1.7958800173440752,-1.3680679759092245,-1.7937790273473375,-1.6186244,-1.0752233511005476
7a5305ff4d72c38d,test,1.0969100130080565,0.7444565701820882,0.746547081429605,0.7737735,0.95995181323416
214f261d06a1d99c,test,1.3010299956639813,-0.743364022036534,-0.9985285189716012,-1.18316,-0.902955388231991
f484c2d51727ac6f,test,-0.9208187539523752,-0.83394238740606,-1.0153211700883111,-0.6523302,-0.6795468063895617
86eebe77add7daff,test,0.3053513694466238,0.1398725162484346,0.1708057727285707,0.109394096,0.0725755949728701
9dff12b5796e01cf,test,-1.2218487496163564,0.0357094718546765,-0.1848180913935113,-0.53796333,-0.3199114075412204
6f825117877bb3d2,test,-1.2218487496163564,-0.463878643918047,-0.5769362709904134,-0.62251586,-0.597466136569052
95a8131bf090b57c,test,0.0791812460476248,0.3227791167087986,0.5090096630918063,0.41483045,0.7007820122123056
67fca7b6c5f64744,test,-0.2833620162325232,-1.3138812255955463,-1.4123605612272607,-1.4587318,-1.5486906257167936
4a583cabe136bbf9,test,-2.475390988664909,-1.0273354750696126,-1.355069318872822,-1.3860526,-1.5512760630653728
271d6d7004481d7f,test,-2.028164879415208,-1.662361432439878,-1.9221974863094275,-1.0651898,-1.3792501657337908
bf6115b056823bd0,test,0.3010299956639812,-0.1655963071236737,-0.2932616505932477,-0.37676105,-0.3077986371280658
0dfdd214e99c004d,test,0.9329808219231982,0.0855271143173826,-0.3283289900963557,-0.03427291,0.1025477447095704
2de5091042e8346a,test,0.919078092376074,-0.1858188599120111,-0.1559311698152548,-0.20911498,-0.5034394048488672
8449638260a5b038,test,-0.0656190208939748,0.0262313234163204,0.0805559410312335,0.12254872,-0.0093650132808471
fab668d22038bcff,test,0.6816536514443597,0.0982900263173732,0.3380062201966547,0.23589768,-0.1816958350939453
a76d3524af121a32,test,0.7235790156711096,0.0969223337929846,1.1576484767980062,-0.18079533,-0.1349436341163189
1c48d6d59cb0d642,test,-1.408935392973501,-1.4008615461283196,-1.3867413282182832,-1.22552,-1.413814167870295
624ba9e095dce638,test,-1.744727494896694,-2.113767735556469,-2.133993012607649,-2.2271214,-2.3694967187745752
fbab02236cb43044,test,-1.2218487496163564,-0.6592170125661998,-0.332252144983805,-0.5947785,-0.6757580263945946
7e3ee35a62a9a171,test,-1.3010299956639813,-1.1736001979824076,-0.6901969660238652,-0.4604895,-0.7267370718138365
784c85d089568ed6,test,-2.968709007885918,-1.2190255786762352,-1.1353834717688336,-1.0260946,-1.8312809911833656
76085f1a144eea8d,test,-0.8120561070939789,-0.7756830195735583,-0.8606104841514237,-1.1113545,-0.987711808019487
2867368a748bf8cc,test,-2.1487416512809245,-1.686880446002579,-1.4001439334882675,-1.1881195,-1.044773891049759
11aa4bb6069951fa,test,-2.397940008672037,-0.0254661916051323,-0.2644675004184699,-0.21451943,-0.0362655797127963
013c459efbba524c,test,1.0,-0.1102765840795127,0.053945062533275,0.59275264,0.4298164066757356
4a94a8df2b6ca26a,test,-1.638947121841691,-1.59623405020834,-1.353168941745072,-1.6493459,-1.798552772243592
d4bea9828851408b,test,-1.0655015487564323,-0.8224468935853828,-0.7632631900276424,-1.051169,-1.1204566252874792
21a8d65586ad2dcf,test,-1.4377071355435254,-1.690133587824685,-1.325206077062501,-1.4393817,-1.712782765362808
0574e59dcfca0343,test,0.0938671479418851,-0.3751417615778923,-1.1171334215848736,-0.9848788,-0.9043025285974892
35b9cbd0a7f5516f,test,-0.9332305458148912,0.2038672183973458,-0.2457363527621754,-0.2597194,-0.0318212907856387
2be7ae667d49201f,test,-0.9469215565165804,-0.6936864560345569,-0.7519121602371038,-0.3846574,-0.4851070128534531
644b2cf54ce0f71a,test,-1.6989700043360187,-0.7451876783234465,-0.6501222403153382,-0.9125215,-0.7068081414226463
dc50637045e02eda,test,-0.7520267336381934,-0.6765635227050442,-0.6047184736039062,-0.45177492,-0.3568725155837279
dac087b4eae2479a,test,-0.4685210829577448,0.2590338327710887,0.4672218089207071,-0.021474,0.0209857900626112
2f56c1c23dd71953,test,-1.1487416512809248,-1.3999709256172364,-1.4099770657439852,-1.3789133,-1.3351447252220707
a915a0ba2246e67d,test,0.6989700043360189,-0.4439864034203266,-0.4715140188395232,-0.42095375,-0.2195426072017712
c2f87e78008c92a7,test,-0.9355420107730816,-0.5100019182568446,-0.8214865923479983,-0.6371045,-0.4146491910991106
ad707e32585a6c58,test,-1.585026652029182,-1.1003095711719046,-1.2016075996704527,-1.1782612,-1.3064258918714229
70e1aa37ffc5a454,test,-3.0457574905606752,-1.717653214712524,-1.3121958628620936,-1.2277762,-1.336709126370656
aa6ff4456a08c0ea,test,-0.5228787452803376,-0.3095498155862917,-0.0839702791115503,0.121063665,0.0373075117754814
8f9c0e90c8a9a14b,test,-2.5228787452803374,-1.01056577255792,-0.7368978249771554,-0.93544614,-0.9221663852111202
e9367aa102239ab2,test,-2.5228787452803374,-1.0500184801230696,-1.8188909860239468,-1.9502466,-2.0809787802747226
3e864d8ec803ba76,test,-0.3872161432802645,-0.464133492668552,-0.7664983208240711,-0.46078795,-0.7083892653126735
e20a0ca2d6337627,test,-2.0,-1.3709389207199387,-1.4524305084953388,-1.340817,-1.538042773163665
fec4982c202a0e30,test,-1.3239087409443189,-0.4987566653712219,-0.5395732388188125,-0.5865377,-0.6968418732565098
529cc5c0722fa28f,test,-1.0088643834802158,-1.148445803478333,-1.7581721149291034,-1.2142242,-0.7279712835088918
db02522d212c96d9,test,-0.3565473235138126,-0.3086786202339617,-0.5557646350432693,-0.46639583,-0.2171449603043222
6796f45bc2aaa76b,test,1.3010299956639813,-0.4714230693021388,-0.546296886941403,-0.79463685,0.0529795720221937
14fe5a84ed7b9866,test,-2.889410289700751,-1.326992437241839,-1.3110361113947404,-0.8772678,-0.653463294085705
3722dfda24db6d2b,test,-1.0362121726544449,-1.0192035856401738,-1.2185426429297634,-1.0267886,-0.9151325509490976
ab89328a6e402fc0,test,-0.4978049162701858,-0.9675581864190884,-1.3075921994999984,-1.3988854,-0.9268378933605388
357e329c64182c18,test,-0.2676062401770315,-1.2833828297647842,-1.61558909276491,-0.806718,-0.0171386801459047
d0e85ba6eeafed68,test,-1.6382721639824072,-1.2794624664412195,-1.1270600355827085,-1.3791878,-1.4558819890777606
51deca903777b82b,test,0.9637878273455552,0.4459928398744534,0.6975955243215683,0.57114536,0.8852271750092546
646b15ba2206463e,test,0.4885507165004443,0.0585853362778133,-0.1133636842567967,-0.06450936,-0.0774125813385089
703f4c8727187ee5,test,0.3222192947339193,-0.2251214844594724,-0.1156485523902299,-0.027693264,0.1378811448265338
34fc5e5f08fb1eb6,test,0.1760912590556812,0.5228361655681468,0.3103627824782838,-0.46354112,-0.1891227681365488
5f6787a6945b90b0,test,-1.888515416283024,-1.7124103065980742,-1.5613777713697918,-0.79667175,-0.7789881713125432
00c054a06b1c3bb4,test,-1.619788758288394,-0.2604620968747234,-0.6175326996297568,-0.9015306,-0.4612119939076797
3ff59fa26b570204,test,-0.1599229291328134,-0.0249997331619385,-0.2133574689061127,-1.2692494,-1.3783062369411352
cc5d383e876fee2b,test,-1.1739251972991736,-1.3268462332822974,-1.2993660847483333,-1.1626726,-1.0628057754051503
7dd2361f9ea1090d,test,2.8530895298518657,1.834357760217725,1.4621857201318993,1.1511759,1.575783990011981
e74e6ed69fd49f21,test,-0.4377071355435253,-0.4480751331635396,-0.5184188874845483,-0.48702994,-0.3220910553846634
ea04a25ca6777191,test,-0.530325227448202,-1.8613101752470504,-2.095187882298418,-2.080813,-1.7286135302362795
34c8628afdcae64f,test,3.1760912590556813,2.2024059536556364,1.889514436173185,1.4467386,1.4042266944558146
773302d2cd65f2c8,test,-1.5427493606107816,-0.7423381353079993,-0.6585992912869062,-0.40086725,-0.1887734704881594
aef73facfe231c89,test,1.6211762817750353,0.3382520124571093,0.7834517521984078,0.31861728,0.4690868376895173
6077cfbe68f5dff0,test,-0.958607314841775,-0.8340464339930378,-0.9686038300633336,-1.240634,-1.0895297840277054
d82227328f23a88a,test,1.7481880270062005,0.3224885036504818,0.1742626503041128,-0.075735226,0.2836742334699866
d7a2941b99c758b3,test,-1.3979400086720375,-1.0035511949829072,-0.9577645127794692,-0.8687094,-0.9611889395277838
aa6ce8648562d607,test,-0.8961962790440431,-0.7746010498195639,-0.7903361344164265,-1.2431711,-1.0809793862995598
dcf4a510e95dc60e,test,2.100370545117563,0.2385497749445194,0.2121567890179568,0.4164544,0.1613035946550585
5a929d2c18f1dcb3,test,0.4913616938342727,-1.051365780253509,-0.9057890071694576,-0.91012585,-0.6375744129820645
6f3f48cb18a06a29,test,-2.6989700043360187,-2.2958071501469437,-2.2373419265928267,-1.6744992,-1.5586076752678328
f62661162c149d03,test,-1.8860566476931635,-1.803627267289011,-1.5944854482393218,-1.2004598,-1.1385745821450213
97af35032c22ddec,test,-1.0,-0.6685088463889003,-0.8160582743570618,-0.06789664,-0.0766474840827625
4322fc0355b2a778,test,-0.1549019599857432,-0.4857622269004453,-0.473951181813426,-0.6602622,-0.7669758845929833
9da1fd4c7bab06d2,test,-1.0376306643299789,-0.9560767190719622,-1.1440209480796215,-0.9463107,-0.7866216359540161
8ead967b5181a241,test,0.6455648869414382,-0.8530475473675694,-0.7881701435001498,-0.8871134,-0.5857980841967962
8402b9bb342db4d0,test,-2.1870866433571443,-2.3042800835968618,-2.177112388683436,-0.91757864,-0.8972248344774894
1cafb14a05dc146a,test,-0.1079053973095195,-0.1599090557545047,-0.0542798046786533,-0.35433102,-0.7411085617401667
9621cc972ef70a2c,test,-3.5850266520291822,-1.7813918397365405,-1.7789022167343578,-1.9389489,-1.814772494492183
07f23f12465a1e53,test,0.2325798488230894,0.2859274736589263,-0.0253865705621009,0.21092021,0.1239601736248403
afec7ad69e749e42,test,-1.5086383061657274,-1.4420432389618214,-1.0629117468418194,-1.2901012,-1.057579952294127
9d260bf952e955c5,test,-3.154901959985743,-2.485354303359817,-2.166093177236105,-2.32128,-2.361839503706216
50a72cbdfb239503,test,0.5563025007672873,-0.684228358869211,-0.4189328485298559,-0.87691057,-0.3316684246732606
e459529c9ef1bfc4,test,-2.882728704344236,-1.120090680193833,-1.370490840514951,-1.0190191,-1.0985257785444984
90a6bb2ead06c6f1,test,-0.3979400086720376,-0.1103262423620897,-0.1969853718777795,-0.25546873,0.0714669706595859
9be2c5dd694713a1,test,0.4867272017071291,0.510971538035877,0.4527427450434719,0.30848652,0.6712953144406527
452c5fdbcbdd8824,test,-1.152584465622425,-1.0982167010638977,-0.923347034034966,-1.1220648,-0.702380738257352
4c43348cc7b515be,test,0.0644579892269184,0.2657617098234072,0.631908764812043,0.18994725,0.1025298689569243
91fd68be2754d6db,test,-0.8153085691824012,-0.9203518937775268,-0.5382108244990764,-0.66670394,-0.9037147790969478
69549571a6746a1e,test,-0.8181564120552275,-1.9985159701462325,-1.899857783733313,-2.211498,-2.061927246548169
756be18bbe7ab3e8,test,0.0530784434834196,-0.3381048289491748,-0.3406265003378707,-0.48310116,-0.2859500524205791
2a0e140a11e6d4a5,test,-2.337242168318426,-2.6054806988885058,-2.716711345614046,-1.8162744,-2.3576238185635634
5babd81997bed457,test,-1.031517051446065,-1.7681891352144752,-1.5378843271075062,-1.7873414,-1.4196590961972924
dc9d170a9450f797,test,-0.4894549897933878,-0.4008270465457069,-0.5093219083249818,-0.51136535,-0.5329043930761154
f5faaf7f798560db,test,-0.1469104701481344,-0.8087544933024353,-0.788704428564261,-0.8734765,-0.8198445848770687
50caa28e173faccb,test,1.6532125137753435,-0.206232847926386,0.1058201376203636,-0.47861192,-0.5893217074813011
da5b6edc491efe6e,test,-1.4559319556497243,-1.053250301775759,-1.4602862260206977,-0.92690694,-1.1017973942252608
2c490c25c8e78373,test,2.255272505103306,2.645481204331021,2.3763936466814517,1.0111784,1.336549524892919
0ba28d30eaa19ab7,test,-1.4046941010931977,-0.96729086668343,-0.6240612845146911,-0.8219587,-1.2094347043463622
f464be9b17b85f59,test,0.5185139398778875,0.7091618720615674,0.6272846299711028,-0.14274266,0.0956280298421374
a38b986c31167771,test,0.4771212547196624,-0.0402770159619151,0.0868881806081832,-0.12946732,0.0975346123844481
bb53f14b2fcd542b,test,-2.699513552156626,-2.1761044490908725,-1.970694107592923,-1.6678026,-1.918910185929712
ee2416fcc6e4f4d4,test,-2.10790539730952,-1.3480648732003908,-0.5391627294668547,-1.1980512,-1.1950118363150135
98c9375021418c1e,test,-0.6363880201078557,-0.640948333261643,-0.6693602946139795,-0.814478,-0.7595228073379039
4f0725ae87f8f096,test,-1.9065783148377649,-1.368127432017136,-1.6049339729469223,-1.5094686,-1.7478199723820893
d7e774b119648dc1,test,-1.744727494896694,-1.723754346249355,-2.556279931439002,-1.9088225,-1.9353879260198643
a6dd205198069f70,test,-0.0004345117740176,-0.2467219398457099,-0.0811522407489122,-0.22755045,-0.3157434799883388
29216757f8fc43c1,test,0.0776680187325309,-0.1059989118691755,0.6271444312991817,0.007889629,-0.2482240336935827
426b52fc25335344,test,-0.8446639625349383,-0.9965743839962066,-0.9575900085047866,-0.91681194,-0.8553529608280411
14f75859d7f7ae6c,test,-1.9738454501763385,-0.7814633327880123,-0.8498944607633226,-0.7058425,-1.0451299555045732
30f85be050d7b943,test,-0.6345120151091003,-1.1830743242341493,-1.0722007147745245,-1.3230388,-0.7608900671115512
57b61a8abdd5f98b,test,-0.3957739469155299,0.0825634546592309,-0.4404723097826324,-1.1450331,-1.3548416728665935
da7c282147f847af,test,1.1335389083702174,0.520138890214267,0.5749808841029148,0.10010835,0.2002523829694852
b3761a5d517606d9,test,-0.7843181179205063,-0.5404640169384058,-0.4642757556855628,-0.41364202,-0.6513207829864326
7dcb23652fc7ba7d,test,-2.795880017344075,-2.1171542737712588,-2.129085590324056,-2.413652,-2.534030262489578
5d5e2c2699fd2cb4,test,-0.1531365255381765,-0.1159893092693276,0.0393472017479243,0.14744002,-0.0631031965575321
4fdf0555e7897218,test,-0.0604807473813814,0.1166856974106216,-0.2144677047093399,-0.007613531,0.1252041430218976
7627707403c435b9,test,-0.4698003017969178,-0.9417798544568626,-0.6392900306346213,-0.3767172,-0.4974721231214217
a94892cfc5d85d1d,test,0.3125122464163682,0.49414489754466,0.4629080657081965,0.07560013,0.1870099246740594
f313f6a7f59581ab,test,-0.4408973185572356,-0.3498930714076022,-0.0524766664702024,-1.1227683,-1.1477043141757393
9985ce2a85638da5,test,-0.8860566476931633,-0.3111561165787722,-0.706793450532403,-0.6737469,-0.4172099650634424
a60e62b1f65d44c5,test,-2.0,-1.010926150570865,-0.9998025383497076,-0.84463584,-1.0901678407686526
82bf2df88b71143e,test,-1.0268721464003014,-0.7042654791226489,-0.5981543822106324,-0.70119685,-0.7273299417534339
5a7d34eedaa5153c,test,-1.1404402743426436,-1.7077761718015674,-1.1214611797432532,-1.2907374,-1.635267805789248
294c7a6052c063fd,test,-4.18967176009019,-1.7678411181185991,-2.4811586364162888,-1.6016724,-1.6796163061737803
f9791f131ed3426e,test,-0.9366666410482504,-0.8514779532337053,-1.0962077567424588,-0.836885,-0.9844108400438996
a48db86e2eda2361,test,-0.8046510289022827,-0.9266103901915832,-1.0644034745410846,-0.587149,-0.6983334046946561
c8ce47faf3cfd9ce,test,-0.2907300390241692,-0.1901335087252069,-0.0177746645729294,-0.17615128,-0.2152235816102399
196bb38407fbf38a,test,-1.7958800173440752,-1.5874752225793023,-1.62414332341568,-1.5084957,-1.4310092182497318
167e873e531690dc,test,-1.7471537462939,-1.9035783218031117,-1.8119796713350491,-1.6284248,-1.8119930562393027
083aa8690cb2bcae,test,-0.2518119729937995,-0.4127120711168763,-0.5825381618594462,-1.241101,-0.8549223837132376
eaf5a1ec89a6020d,test,-0.9208187539523752,-0.6422110694503018,-0.603647380584356,-0.8701117,-0.7426759869523869
d6e9d7b4a140d616,test,-0.575118363368933,-0.8331623555343913,-0.9663659182967024,-1.2375853,-1.1637358345512916
1216fe759844e2a7,test,1.6575338875579864,0.4331718522225143,1.250855335205819,-0.77472514,-0.8918174422448729
b0ac1415021d9e0d,test,0.414973347970818,0.1910072524293654,-0.2542140639392355,-0.6814158,-0.2672272366279138
8b06e79f1ef0e631,test,-1.0265774430196886,-0.9166131743415384,-0.5848348266276524,-0.4094728,-0.7862717520619429
1d0c77b2f36ff6ca,test,-3.670994301671444,0.4225439440953871,-0.7308712917845933,1.2773228,1.4150138841990765
85ac9d05f3913652,test,-0.8457933528561722,0.1246278025145621,-0.0702864095941691,0.6272515,0.7941404965624296
9453e653c169696b,test,0.6020599913279624,-0.3213165215808168,-0.122809691506931,-0.22821918,-0.3618228192246187
3342a7be5530293f,test,-1.469800301796918,-1.6865448856726852,-1.6875472270964305,-1.8556384,-1.7919249839116076
2fcb762dc34fcc0b,test,-1.258060922270801,-1.0116751569445777,-1.175871409127086,-1.3986586,-1.080492777439971
53b86c037674677e,test,-1.585240959732719,-1.697853891697774,-1.7979589235959683,-1.5049123,-1.7262350329338918
beb108abb3cd7e35,test,-2.306273051076353,-1.9822215133763712,-2.1560980264111542,-1.8821212,-2.2318003648358538
6d5ab5c565e8f9ba,test,0.4577305482459984,-0.7883949748667812,-0.6967732696180386,-1.1458104,-1.1567137087889985
d77baf6654c074e6,test,1.867998942045897,0.5381570729736432,0.6762701959058537,0.30221152,0.3982811124786531
7a5f90f6ae2f427e,test,-0.3353580244438744,0.1984580465323837,0.618772489198653,1.0102423,0.5315338582086087
e53799cbaf831b63,test,0.176568656239776,-0.5657633265975313,-0.3997719568588966,-0.4810697,-0.4851631204181144
32649c08b2fb4fb3,test,-2.508638306165728,-2.242404890180042,-2.5267209661205468,-2.38248,-2.2502117432593414
b3a9aa5a685223ae,test,-0.3872161432802645,-1.2381923676872355,-1.041961139929998,-0.9528486,-0.9155315244986126
4ad9e1f2bd942319,test,-1.9706162223147905,-1.7948625502680886,-1.9833566999052945,-1.3306991,-1.2751647606917698
d59f1cb4103878ca,test,0.2380461031287954,0.0227449010521869,0.5361612550116229,0.26375854,-0.2578067854370277
2d0258bb39c7c3d1,test,-0.7695510786217261,-1.3383908467838623,-1.391466620348963,-1.1740204,-1.085231595665645
450e527e83be942a,test,-0.6819366650372385,-0.7050496423968335,-0.7730851056496199,-0.46877056,-0.7550008353816042
0c1f404daceb9360,test,-1.7219189687039838,-0.048358118386997,0.1296888960116839,-0.047795974,0.0247295131090492
00b4a4f66d77ce53,test,0.6851346509820152,1.0430075305167532,1.1949834909268484,1.1078848,0.6738203077684457
75728c1b327e1cd6,test,0.3424226808222063,0.1770383560919642,0.1961343160330283,0.5771608,0.3952845761079083
ee7858414d875ff4,test,-0.6020599913279624,-0.5222333645010359,-0.8372533984854545,-0.3444115,-0.3986047744480043
edc18d670f133697,test,-3.364641953472796,-3.29601394780825,-3.2897220533680533,-2.9124765,-3.1845323102917984
e33d01535e203bf6,test,0.0569048513364725,-0.3096609222492705,-0.1767430533082595,-0.5617353,-0.8785940735458367
eead9053c42ee94d,test,-3.0,-3.090620669320674,-3.443272479796157,-1.9309835,-2.2243845265789486
9719695b380dc4bf,test,-3.2903319515911704,-3.3323918940761974,-3.036403852878837,-2.2520022,-2.313925637380275
a24c416c5e945aa6,test,-2.657577319177794,-1.1427178896179122,-1.287490726657708,-0.90154696,-1.0621795712548054
a17c40f538bac9db,test,-2.8239087409443187,-1.4173690068589495,-1.7581939587986903,-1.1044137,-0.7329692412858552
591fd53c9f811611,test,0.785329835010767,-0.2585818068122525,-0.0338333869756052,-0.57533234,-0.4481300253248269
59358816cdfdd0d6,test,0.1842531508115968,-0.2349691240376351,-0.1356002385462598,-0.30358386,-0.1078338165797791
619275d22db4a79d,test,1.6434526764861874,0.4009095901722606,0.6837972959689956,0.76735914,0.9121567907918072
4f49153da0308e3e,test,-2.207608310501746,-2.5143071761826885,-2.502739201015909,-2.2751293,-2.392132256811109
9084d54d2fa904e2,test,-3.2006594505464183,-2.0297679462616647,-2.1389862339754906,-2.0009649,-2.0771286315699737
3f61198a50bac948,test,-2.7986028756795487,-0.7380896347981776,-0.8455738529592971,-0.3503925,-0.8465777559626216
fbd6732a0a114cff,test,-0.2775306141159691,-0.998369510655777,-0.4127103074309937,-0.8624083,-0.9132915377190636
30124ef2278f0e17,test,-0.1870866433571444,0.2691804815500521,-0.1525578508670189,0.0032839975,0.0694704377522559
d0a6638ada09a463,test,-0.3010299956639812,-0.7018210483883551,-0.7164079424819668,-0.82316566,-0.556455940133383
2f3888bb8a8a7ca2,test,-2.401209493236885,-1.330047987985661,-1.4175113683832012,-1.1662339,-1.209792443010791
25b0455a7ab4d2a6,test,0.4623979978989561,-0.8910479343469299,-1.0977590582604784,-1.2701354,-1.155399605999265
b941fd777965fa3f,test,0.7075701760979364,-0.0557887985537095,-0.3312204515154913,0.03629289,0.0482038669304682
4b11e8a7e4715826,test,-0.1549019599857432,-0.0729169108953149,0.0108741065207554,0.23991388,0.1527124195505515
5d285fe917f1546d,test,-5.638272163982407,-3.276028222983686,-3.9177908923328633,-2.1588194,-1.904432853407068
f58d93e639d68f3c,test,-1.0,-0.1769940012233766,-0.9296053409898736,-0.10399513,-0.1755910048918091
fe12e52e0d83ff48,test,-1.8972233851165587,-0.800444594944596,-0.8997774876919806,-0.70840734,-0.8028264442439318
d04924c674a280b3,test,-3.397940008672037,-1.3418425321190273,-1.1054764043983116,-1.115432,-1.3081213141672554
88adfd3a547394e4,test,0.041392685158225,-0.9229999160804216,-0.8590992330782486,-0.96852595,-1.1072278125884814
6741bf99bf8e2010,test,-1.2365720064370629,-0.6505485676571906,-0.6066928522285348,-0.74902004,-0.7621300131156578
d7c28a17d23b120d,test,0.2172844520170993,-0.2255825500873937,-0.6054028545599034,-0.74609023,-0.6648931169827051
b16e093024c58985,test,-1.0457574905606752,-1.184628186573426,-0.8413952233772447,-1.2834884,-0.9656644008859716
74b113e8f48f3cfc,test,-0.9208187539523752,-0.947695193834706,-1.0748811722296805,-1.4615712,-1.0806607153448706
40b51f85c3fd6254,test,-2.2218487496163566,-1.3877572379304963,-1.3838607941765408,-1.5145382,-1.6661540044496794
91264bac41702404,test,-1.7931741239681502,-0.885321427449196,-0.8864405588668689,-0.7135937,-1.0179255285424134
840e84f1e15b0267,test,-0.3979400086720376,-0.1746016816572408,-0.0600659363605595,0.7114217,0.6125805928581276
4523ff6ba4ab943a,test,0.3222192947339193,-0.661410371238856,-0.6722695824250774,-1.0943269,-0.8991964043431032
e803424818beb578,test,1.7831886910752577,0.7573640268469455,0.5069304611950619,0.7242418,1.3955391452210943
341fc3b7f388bec4,test,-1.790484985457369,-1.4075279749954914,-1.5561242696362236,-1.2854748,-1.3770881685675904
826c0328d96a2f7f,test,0.1139433523068367,-0.1130406434289979,-0.1236437570207139,-1.1246818,-1.279481138570392
f57663f473e03b55,test,-1.833228478669423,-1.6735489799516154,-1.6500427141427496,-1.715008,-1.6959551997242346
dcf9690026305a16,test,-2.362510270487489,-1.5432549079644535,-1.854493994751204,-1.2962549,-0.9791861535098724
3df0b946c55e729a,test,0.5465356531880318,0.940846813517348,1.0827125174116523,0.9277361,0.749966068360895
8788522b723a79b4,test,0.3222192947339193,0.4595925233600373,0.9916793624053348,0.7608684,0.3908907517677835
8ed2cd793d0e521c,test,-0.6716203965612623,-0.6503591559090593,-0.6010734624463853,-0.6769269,-0.8010265022859996
d8ccb66cb2c6fe83,test,-0.2229481214393275,0.0206931552315065,0.1926590763239344,-0.13076591,-0.2582548830447053
134fef81c3eff16f,test,-0.3665315444204134,-2.052923791931637,-1.9767560988806632,-2.196135,-2.163836034740282
a5116fa455d66735,test,-0.8860566476931633,-0.836580967718425,-0.879123089188805,-0.47480673,-0.6308197645534518
9a16dea33204c47b,test,-0.2202861001202551,-0.2767446582752726,-0.249614083383846,-0.11866143,-0.2507241061211128
add4cf79304a2750,test,-0.5228787452803376,0.0868581220375761,0.0113634065634856,-0.15686493,-0.2736810315151946
71282060dbc7080c,test,0.3273630698533283,1.2629018210601084,1.1772867253728492,0.848886,0.7589820323197736
d8eeb7d9c90a6c76,test,-0.9078899672508938,-1.027743385694004,-1.27017138464076,-1.2150533,-1.1604745622074262
ed47ce2791fb36cd,test,1.064393429321299,-0.130560666162219,-0.208437477976755,-0.49826118,-0.5435126893001987
c4545743e34aaf4b,test,-4.7447274948966935,-3.5132147388363206,-3.477802485219552,-2.0289245,-2.00650304403334
0d30d29156f9ef63,test,-0.7471469690201069,-0.5484157796914023,-0.8122730964709599,-0.90564525,-0.5799774984532187
ed597220d0f6b8f0,test,-0.6903698325741012,-1.0462784403207173,-1.11043630614573,-1.0487897,-1.2670041759816504
14d8744f6b5810aa,test,-0.6635402661514705,-0.9172491115102582,-0.8485098272094815,-0.96324617,-1.1081518286036027
2b6df336d3be2949,test,-2.492841781923672,-2.606261813942982,-2.706789665677372,-2.109093,-1.866234601466137
d7b1e26d884b4ef8,test,-2.494850021680094,-2.4960894083672787,-2.5192466015628248,-1.8384464,-2.2225723025910766
5554568c5f5b294d,test,-0.2839966563652008,-1.3446519777607948,-1.579369313150599,-1.7387185,-1.8120701204164096
2f5e2ad27943fcfe,test,0.1323069601326816,-0.6639205752952528,-0.3234784623014535,-0.17887224,-0.7542531872732803
157ea9d2bf6d2af7,test,0.9623693356700213,1.08253071200411,1.273935469427962,0.57349086,0.3143214944855449
406308063e6bcd07,test,1.1760912590556811,-0.3899914249795317,-0.3241552953629937,-0.8676754,-0.8307625358159564
679f8fa61868196c,test,-1.586700235918748,-1.1455833907313482,-1.0199410120027357,-0.87972707,-1.0472429238524452
6e15f2bb934362e7,test,-1.275724130399211,-1.6751506726910197,-1.7242951153257149,-1.2696459,-1.34459322750799
8c123dbb9026f37d,test,-0.5606673061697374,-0.2131649649145514,-0.2222512102750748,-0.60529673,-0.3897001474323311
203b883027acb228,test,-1.8664610916297824,-1.501089179882066,-1.002038114587929,-0.6263293,-0.7750139234543492
2506a199ad4a97af,test,-0.645891560852599,-0.4409279211814458,-0.7808339509246814,-0.15864395,-0.2870087909002639
2dcf20f91cc5686c,test,0.0644579892269184,-0.0183383173410953,-0.0164837596487065,-0.1836566,-0.4110582776030372
89ba7115983f80f4,test,-1.3187587626244128,-1.0738744624862682,-0.94755969966687,-0.9186005,-1.1870788273702748
f5b85a9f2f83a1c2,test,-1.9030899869919435,-0.5375626847308058,-0.2856399992360279,-0.44628716,-0.4288124898457526
514efb1a3550537e,test,-2.552841968657781,-2.1577174221874307,-2.256610814445765,-2.1926045,-2.436618887573661
1f1dd969132fd53d,test,-1.6516951369518391,-0.7696825985718848,-0.6786806260739796,-0.62101465,-0.5245965836701573
3065e7c2f8920b05,test,-1.431798275933005,-1.994698766099229,-1.9611521077546616,-1.4015173,-1.3692375527552882
bf64ceeb00659f63,test,0.8260748027008264,0.7843769829340195,0.7611593266950365,0.9017629,0.9581378800419872
4d54127f7b9096df,test,-1.0362121726544449,-1.396874671266431,-1.3253288254432094,-1.3799986,-1.2885803831503284
dc5c4538b666a4da,test,-1.1830961606243404,-0.7946937350379677,-1.1827616264685494,-0.67293257,-0.5931828374522461
fed391acb74c05d9,test,-0.3979400086720376,-0.7201247345324729,-1.0304037349280175,-1.0847806,-0.5856748164098105
dadba9ae12b61d7d,test,0.0,-0.8541805466081437,-0.6225198885296344,-0.82515734,-0.8084527167068364
2ad89c00636a8e4c,test,-0.9208187539523752,-0.928568236722979,-0.9989845154599476,-0.64485586,-0.4049361280106526
196f1c3938fc10f8,test,-0.3746875490383261,0.4001631307365252,0.543270130178752,0.4837285,-0.0624066943963265
e2a0d4eaf5ff9251,test,0.3117538610557542,-0.3351764462322618,-0.1123129971910307,-0.29741713,-0.3216270675858248
6bbed55624d81716,test,-1.0222763947111522,-0.742213137055667,-0.7143510956656135,-0.7511542,-0.8080291919938415
a4c5d8344241e4d3,test,-0.721246399047171,0.0204022868197017,0.0443695377466501,0.16292088,0.3950352791010283
5ea2255cb4816296,test,-1.431798275933005,-0.2819755103845805,-0.909378177039862,-2.1139054,-1.8757492080589384
72bccf7b43ab598d,test,0.0791812460476248,-0.4304032035771264,-0.2906002936704403,-0.665468,-0.8227245377692275
afc5b2cd30adc7f9,test,-0.5528419686577808,-0.4726447942790251,-0.8029797818550145,-0.93154633,-0.9048068154319172
a176dc3bf052baf2,test,-1.031517051446065,-1.6213821948750835,-1.5777495053217132,-1.667792,-1.5627567822327677
669d14450f848ca7,test,0.9030899869919436,-0.8845002232550998,-0.4876662754336529,-0.3989898,-0.3674931933484173
591140d8b88a29b3,test,0.7101173651118162,0.4595868700872907,1.0312604467527131,0.5830185,0.3270299536757738
1fa96656148401d6,test,0.0530784434834196,0.100315535568745,0.4198732394964445,0.27514192,-0.0179589533458123
37175e510c671070,test,-0.6020599913279624,-1.6185470414859264,-2.455721501706706,-1.9133111,-1.773607226129127
d49aff08d951ce58,test,-2.3467874862246565,-2.176668648610288,-2.1913925234079783,-2.3089066,-2.2849145755900166
7349136ba11c2bae,test,-0.4111682744057927,-0.4732398484214914,-0.1536417586501276,-0.07708217,-0.4243278365330803
e4ad02143e2ebbf4,test,-0.1938200260161128,-0.1155682854124886,-0.3611538824507957,-0.15896538,-0.1368496486830309
5429c16331ab0310,test,-3.0,-0.6994766011015304,-0.6243066043198887,-0.46197414,-0.3989803350930353
9e814878edfe86cf,test,0.0530784434834196,0.0654299887226581,-0.4322501418195959,-1.1934023,-0.9850097898732092
f815c5061c2ce50b,test,-3.397940008672037,-2.655999380113511,-2.6784355634557526,-1.7323395,-2.08084177640793
e1df4c67bbb7d941,test,-1.0457574905606752,-1.1814556121010973,-1.0722189318273396,-1.3753418,-1.2912597831736758
22d6b97b608279b9,test,-4.568636235841013,-4.204834523850064,-3.801452624293056,-2.9379847,-2.9724968934013263
5e66b0eeeb68f303,test,-0.8388903526330403,-0.1463418245462507,-0.1912241919821589,-0.5109182,-0.4562956217074103
d03179721a49cb72,test,-0.3187587626244128,-0.0796115488738973,-0.1640796652792271,-0.044095576,-0.2250434063983364
ef6c266f7da530f2,test,0.5185139398778875,-0.1131331665095464,-0.2403945357463744,-0.00014702627,-0.1946595336842861
8da5517bdf315081,test,-0.3372421683184259,-0.5537510295453308,-0.5429863578699997,-0.49849355,-0.3268468722970685
aa235d643d6ce550,test,0.1271047983648076,0.1136822566217655,0.2926257945601372,0.35013983,0.2319744363554076
9a77febf42a800fc,test,-1.0655015487564323,-1.0816131351588374,-1.0894142280817398,-1.1440265,-1.2250153286416785
690af81a08e7395b,test,0.1673173347481761,-0.0982890301783812,0.1530611830969819,-0.14256144,-0.0094167021069555
26cad4490432faf7,test,-0.958607314841775,-1.5566322988536334,-1.6059976488119465,-1.3035197,-1.2880430753294283
27b6db6db19eaf9c,test,-0.0969100130080563,0.1172848868768692,0.4810555709177708,0.037769046,0.3888900227046488
4e7c7c55172ddfa7,test,-0.3010299956639812,-0.6743327593205126,-0.1359038489000864,-1.1393777,-1.2051736963566066
42507dd3509d9e13,test,-0.6087636879168569,-1.9125365191086745,-1.8768626594654685,-2.0803888,-1.979300654914354
9bb207d6f564984d,test,-0.6989700043360187,-0.3841199611420385,-0.5981578304672842,-0.3911969,-0.1293069958770266
3cffaf2e070e1c51,test,-0.7958800173440752,-1.394272317715635,-2.434957680395096,-1.9803456,-1.8789934692044967
38206069a71bbd29,test,-1.1739251972991736,-1.7855161898124663,-1.882023937458139,-1.7623415,-1.920750939231466
5c93679ba955ec9d,test,-2.7695510786217263,-0.8744530625580531,-1.0066667848985429,-0.8630223,-0.95033388045247
c42ca329ec17c5e1,test,-2.1307993899213824,-0.9035403240581044,-0.959987702346612,-0.7878456,-0.9881982146603304
1e1d5ca88a80b564,test,-0.2218487496163563,-0.1287204898027746,0.1753323992506292,-0.031992476,0.0288344658928793
02497552f55709f8,test,-0.3187587626244128,-1.0615832255380957,-1.0165018336888072,-0.81677324,-0.4406268054285819
83e3615a7c99e624,test,-0.1209041204999272,-0.7354918644958545,-0.4384070773837744,-0.63089097,-0.6507362753377266
ab5ca12637e22fc7,test,-0.4202164033831898,-1.0728911363962683,-0.9919620900918984,-1.0296478,-1.0230002585101696
6c834dce45e4aeda,test,1.4471580313422192,0.5846566199043473,0.44899334610507,0.5327834,0.8210623502553793
e1f2c749c093f423,test,-0.1674910872937636,-1.0582326134842492,-0.3170958412701096,-0.5491572,-0.5341108644118524
ed5fa4cf3112e155,test,-0.2006594505464183,-0.1952453375890031,-0.0287874820450681,-0.2083299,-0.6055867034573847
89e556c16c2fd94d,test,-0.5228787452803376,-0.7107916368803261,-0.3763806660819837,0.22977221,-0.1628248400247118
eb0f003702e40ae4,test,-0.4685210829577448,0.0628058115404414,0.4913578432733191,-0.12653817,-0.2761108860198042
f7d734aea83c3d9a,test,-0.1739251972991735,-0.7705961853469259,-0.84829241391198,-0.8987863,-0.9665706631890008
a61e7b05f83fa6d3,test,-1.016624167974311,-0.6582567056776075,-0.7422875103646888,-0.8568624,-0.6647408724094576
6d2eec11ab2c5693,test,-2.4559319556497243,-1.8375014394674003,-1.9571855170334205,-1.6093137,-1.804621641894859
6512ee21550e8eb9,test,0.3010299956639812,0.0681485146457562,-0.2283289156523399,0.20993073,0.0524408667699403
4440ed7ecdd266fa,test,0.1760912590556812,-0.0422478949855923,-0.1867458139732553,-0.88162655,-0.8238611341705616
3200a373753ec20a,test,0.0086001717619175,-0.4351173231197902,-0.4333009969302108,-0.4830034,-0.5022512790410812
ea3789c618db282b,test,-1.958607314841775,-1.1421904901464102,-1.6827959351753283,-0.8781677,-1.0682470824021462
2f6d35ac691a1daa,test,0.0644579892269184,-0.6597766615188334,-0.975131570826106,-0.9332351,-0.6942712020311343
5bc4613958add7ab,test,-1.8860566476931635,-1.7312769065749312,-1.6942272761658912,-1.1758753,-1.024504446350088
556456aba13b262b,test,1.1203744390090429,1.4263454997499248,1.1838791499470698,1.2117728,0.6961006970178378
c763568d280d2684,test,0.4313637641589873,-0.2692337610455642,-0.4137143580556913,-0.8011386,-0.6966037724692927
60bd2c98b6efcbf5,test,-1.519508271996048,-1.487022451723886,-1.5804468821960465,-1.5812153,-1.5962910392889875
90409e2f9674da3f,test,-1.4775557664936814,-1.6842720269597702,-1.659254570984404,-1.7877178,-1.8423988607162352
88af859e9184728c,test,-1.9956786262173567,-2.0988390741049794,-1.9191867553606148,-2.0222633,-2.257092297316373
fb6f7f934b8026b8,test,-1.769551078621726,-2.155162320556346,-2.0424799988931075,-2.4600413,-2.386816667810179
8ccdaf760302ee56,test,-1.75448733218585,-1.500305369787866,-1.3993928688121475,-1.3411452,-1.7644016396848134
c9991076adaa8a30,test,-0.7544873321858502,-0.5162447314382328,-0.8438275342459496,-1.9148788,-1.766880313908715
3bf78ed2e05158c6,test,0.1461280356782379,-1.093973332263163,-0.6581064016854179,-0.9910351,-0.710467135510787
3b916f0787325ed4,test,-0.7695510786217261,0.0365171530311483,0.0475591297756577,0.07932803,-0.0005851556817396
d68d6020c8968437,test,-2.0132282657337552,-0.6390193664078839,-0.641235110886997,-0.8680279,-0.7261148678313871
86a7d4e311451280,test,-0.1611509092627447,-0.1583124632228886,-0.4081061045343858,-0.46783,-0.3461849097385643
62e0825cd2441e18,test,-1.6020599913279625,-1.199659355098725,-0.9579183764161472,-1.2638866,-0.9803956692137968
fe7e3c30d61b345f,test,-0.7695510786217261,-1.7197905602068673,-1.674855812135453,-1.3683635,-1.477094711524618
668ee5b83040597d,test,-0.3872161432802645,-0.5208717477077918,-0.4672497901710198,-0.86709887,-0.6742461692823423
40064211c158abc6,test,-2.8239087409443187,-2.4598582655366124,-2.654947297990649,-2.2892463,-2.024231199525089
2bafa442d4e0d365,test,-0.2167812539024648,-0.4176679834605943,-0.3989483527057089,-0.38549113,-0.1387102562976012
c5f284872eb58983,test,-1.0457574905606752,-0.5159169168184125,-0.6347686959160497,-0.28524765,-0.3366441792572163
150e1ee33434136c,test,0.6901960800285137,0.3868189744403052,0.4433791116994409,0.42118347,0.2272505160213631
ea1f46a2f545cb7a,test,-2.744727494896694,-2.4711812278432608,-2.619809620872597,-1.8088683,-2.391335323906023
c8f61839f6a058fb,test,-2.920818753952376,-2.0432216662406586,-1.535098530629602,-1.356792,-1.2563581952469165
7812a92a6cc2d47b,test,-1.585026652029182,-1.5140487035467278,-1.6737444394977166,-1.1899408,-1.0972805602411568
d60696c6d76f17aa,test,0.5440680443502757,-0.8673165968733942,-0.2068766810572847,-0.1663266,-0.3040896114453472
39ab296bdbe369e1,test,-1.136677139879544,-0.4433403394874942,-0.6262938177878031,-0.9041003,-0.6287162639829729
747fe52773300fe0,test,1.0043213737826426,1.105122706933019,1.148761357129859,1.5980328,1.3271787262444592
a45c5860a8d4dba0,test,-1.2365720064370629,-1.153652596288158,-1.3061284124405883,-0.93718547,-0.8111476736288412
e3c7f8d211cce33e,test,-2.657577319177794,-1.797326157918084,-1.5525939106551,-1.5486406,-1.5984617959753178
3de2f1d8329e39c9,test,-2.1338031200885155,0.4183338868237289,0.5021879854603956,0.10013426,0.5519780535476256
2e7442210593eb2a,test,-0.3279021420642826,-0.596044557584632,-0.7361598567817974,-0.7405716,-0.9310741214222964
176a43ce5e360d47,test,-0.6989700043360187,-0.3096543759585371,-0.5923509439676308,-0.46165928,-0.4334743095857466
08f221cb034bbdbc,test,-1.6989700043360187,-1.9650100716257604,-2.0322351459685435,-1.4439148,-1.493772027400978
e3ffbd27b3b77e66,test,2.3879234669734366,2.190482706358364,1.940600217893318,0.7083434,0.6514162761502288
19f02c8ffda685c1,test,0.0132586652835165,-0.4067065634481376,-0.1643177183149748,-0.1372183,-0.2483004639841705
63335dacd8a98199,test,0.2304489213782739,0.6683485076775443,0.8664782059614556,0.85233,0.6481290304515167
1980acef1d80e1ea,test,0.2810333672477275,-0.4122835579391652,-0.3587438475235615,-0.86271787,-0.5189905613050507
86717316954051bb,test,0.414973347970818,-0.8016297045724188,-0.8281061228491824,-0.7035203,-0.8895461419735762
a02cf94509cb4bd7,test,1.1072099696478683,1.1499794439611426,0.9348816646345512,1.0171282,0.8476632905962771
d104a349f8c0cdce,test,-1.083546051450075,-1.2255239672142395,-1.1058964621643002,-1.1580614,-1.4038169127791449
efba3435db618cd9,test,2.220108088040055,-1.025583720042477,-1.0066453986179975,-1.3807439,-1.3466214233707423
967fbff640e0c435,test,-1.417936637088291,-1.6176060678034414,-1.4897131445468887,-0.9505011,-0.6847297970820824
0407b4a36efa94fc,test,-2.309803919971486,-1.5692736487050916,-1.405872798197203,-1.3980782,-1.3586119190279995
c3a5e319c516f064,test,-1.055517327849831,-0.1943721391512601,-0.1684598439203597,0.030020876,-0.2426971222908393
70ae8d73489e4f21,test,-0.5376020021010439,-0.767912728236717,-0.7518211133347152,-0.94447047,-1.1001629855466362
f76e9ce669bbfed8,test,-1.372605156301395,-1.4029892635629304,-1.3361198456629657,-1.3344818,-1.4686300659310736
bfb53fdcd3567a0e,test,-2.5850266520291822,-0.5822414705402269,-0.8802637416632945,0.5004543,0.1457639603834404
9de1df70c9f97c8b,test,-0.721246399047171,-1.3157542876733352,-1.5007211426399234,-1.441279,-1.5155099745355904
9f3d80b5e5fc360e,test,-0.6870539556856288,-0.7067225121236932,-0.8231974402641686,-0.2614341,-0.3350879761891941
4b9b7a8b0d1ab5e3,test,-1.9347872296382973,-1.3043171073378113,-1.98372959372662,-1.4718959,-1.367844493767896
9d12ada2add99d47,test,0.2411508836117213,-0.5979733883478908,-0.3361554875136424,-0.46285158,-0.2372820706662974
2a4c37b7695be904,test,-0.6478174818886375,-0.994123446320994,-1.1773668392398025,-1.1767926,-1.1305194127839464
66fecb081cda09d5,test,-0.7851561519523022,-0.6680330809356231,-0.5622020466296713,-0.69202334,-1.0001235576653067
c94ce623a7de5eb9,test,-0.8239087409443188,-0.5917290539853116,-0.4706923672908227,-0.81964767,-0.5041906932038822
cf109ba6e96df22d,test,-0.874518734299406,-1.6396708488837035,-1.621541040161547,-1.2377372,-1.0878834039049392
942a9b31e2e63888,test,-1.6777807052660807,-0.7376368174741086,-1.2373413797341657,-0.9092494,-0.762915417555813
491e81c6fd98b9ee,test,-3.130768280269024,-1.488839048317239,-1.261745201813582,-1.0938579,-1.5856346354036872
eef92c5dd29d60af,test,1.0453229787866574,-0.1017445020247155,-0.0648327831566547,-0.88256544,-0.6982824047270038
b988e717f82d8382,test,-0.9030899869919436,-1.7153152469079225,-2.03524102121851,-1.6995466,-1.6551542219485111
fc8e5dc2299e9d6f,test,1.6364878963533651,0.319833805378327,0.4063462642483209,0.05945081,0.3490394332405072
44fc0cde96dae754,test,-1.958607314841775,-1.6486813473585586,-1.6730943186866971,-2.282143,-1.9146923596214391
4217c61f4c96c89a,test,-1.0192951871057476,-1.7092053827144085,-1.3652340530727218,-0.7719383,-0.7601476072636084
4f28852b0a551bef,test,-1.5086383061657274,-1.7752204084535037,-1.7941968040948553,-1.7498553,-2.0848992747596333
eeab1f94714683d9,test,-3.0,-2.7583365840044483,-2.6852017117712816,-2.4479308,-2.3446684093134182
759a9e208974f4a1,test,-1.3565473235138126,-0.8966909669654421,-0.6434847444773397,-0.59158146,-0.9135590871430436
4bf0ab3778c128da,test,1.0969100130080565,-0.3184428740252818,-0.2935172657843424,-0.48360702,-0.3491004139816889
8380cc3cb2cdeccb,test,-0.1373300920451314,-0.5105061058329657,-0.5208662171529213,-0.96494836,-0.6357597525179042
c0f7ec76d243a0f1,test,-1.9208187539523751,-0.5361818607041379,-0.9690328958292342,0.04415701,-0.2263551681653491
47675ace11a6da49,test,-2.3872161432802645,-2.4491559385015336,-2.474624204358069,-2.3741646,-2.4557096943657784
e3d34f1b4b2f858b,test,-0.4698003017969178,-0.8373555644127461,-0.7128496748881941,-0.6457786,-1.0753390127651972
303a3f845e2904c8,test,-1.2218487496163564,-1.48601579754673,-1.3407074859187271,-1.2399728,-1.5008161281518184
49f59cb4a3428ba2,test,-1.7212463990471711,-1.215440798924691,-1.340697212992714,-1.34495,-1.2790605642606672
c3671adbb6972818,test,-1.6020599913279625,-1.227299598891425,-1.3519334027118162,-1.2929525,-1.1230019459826268
cbdf5e992e9e2c7d,test,-1.5768314439350974,-1.0040423187578236,-0.4243246349665003,-0.47312942,-0.7249454345028623
f9488c4813062c5c,test,-1.170483094499852,-0.8355635772273385,-0.8091670823436524,-0.7327661,-0.9208736433612624
926bf1ddd106cc0f,test,-2.218963061378868,-2.4663809157107632,-2.241822272502946,-2.3022695,-2.2335298651686237
45dde3afa181e91d,test,-1.161547571282048,-1.329365413622329,-1.3268386015485103,-1.3006072,-1.3157930147123182
346be8d1ab1b7e1c,test,1.568201724066995,0.4674732937746135,0.3578932586941077,0.11703788,0.4020531060274956
fbf2bdb07a7c76f9,test,-2.5228787452803374,-2.8469920647949314,-2.3111045127372845,-1.1475012,-1.1770720691382195
f63d53d5754c5905,test,1.3010299956639813,0.8898339845363957,0.6637741990545735,0.5438658,0.3300258021508636
c142d9be9437ba6c,test,-0.5228787452803376,-1.1738391521290168,-1.1994708619251266,-1.2188194,-1.2112521240646692
1fb1321567cd5b71,test,-2.283996656365201,-2.6133548662524206,-2.3896014757169928,-1.525319,-2.215531728336215
64a8184662b209c5,test,-3.131061920937099,-3.2791929708374696,-3.0379540609996383,-2.1689901,-2.091833406576766
4ea2cdcdaeb16e3f,test,-0.5528419686577808,0.8767919394856464,0.2039461117716849,-0.7645826,-0.3969445296709454
932e4f80ad66faf2,test,-2.020479303839453,-1.8014265166582073,-1.5175995456299898,-1.8296151,-1.8070951994031
35d7e364c19792af,test,-0.8326826652518239,-0.5534879905522193,-0.3962700039803172,-0.4435534,-0.6966444591766288
b3e6547672b5b337,test,-1.4624090726906542,-1.7302753854721695,-1.704277433307677,-1.5291976,-1.7968259127721622
a860338f5d93b2a0,test,-0.7457288144754166,-1.0122786917483104,-0.9685240611810032,-1.0668775,-1.1324549552101173
af640db695c8073b,test,0.0009879406221324,-0.9508047203979688,-0.9276727821607758,-0.13916752,-0.1570614680833144
1489a4491d3580a4,test,-3.366531544420414,-1.0935807220958254,-2.3656086296976424,-0.69737,-0.749762035112427
fedc5f0bcd7f298d,test,-0.5977386175453199,-1.3907906728346249,-1.6382452985532447,-1.7513913,-1.690573798429161
2ad0bfffef713a67,test,-0.2189630613788681,-0.5613354079737682,-0.4805634471324895,-0.4780019,-0.4230097614963737
b8f809a2037e8701,test,-0.3551832304951774,-0.8855759078373959,-0.8608239835642094,-0.96891797,-1.097133965995286
69526e2f06b8ca4c,test,0.1986570869544226,0.1919373709462343,0.1590436885683859,0.32427517,0.3033046268823071
32750509a89d2ee2,test,-1.3968569777937838,-1.39781520333362,-1.0746876574662745,-1.5725036,-1.352304302467736
df9076873d30ca9b,test,-0.7684649336888104,-1.0063667461264634,-0.985075789410356,-1.5193883,-1.463359835619511
7e483d53599bfbb4,test,-2.4436974992327127,-1.6567176185094494,-1.3260820428022235,-1.096149,-1.2139078935644794
6a3844bf8ec21db5,test,-1.853871964321762,-1.936999739428664,-2.21804318391686,-2.4143047,-2.2068878283351183
48f25e31fbf11899,test,-0.8239087409443188,-0.3541021393313247,-0.459725897196302,-0.2052244,-0.4410597182861634
2b390ea8f2209e12,test,-0.4225082001627747,-0.0242627858544488,-0.7379483244299546,-0.36841995,-0.3583686652055184
8183b76b4efabd27,test,-2.154901959985743,-1.677851843105323,-1.994574732092132,-1.7253993,-1.595895986049756
e4aa5001074f5552,test,0.041392685158225,-0.3976598829841858,-0.4848018791975159,-0.5501634,-0.4725523710023638
614d02f01216280a,test,-0.8860566476931633,-1.1991745959150115,-1.0979412970382263,-1.3768921,-0.8854209737816287
d8b7012b6c8260f9,test,-2.2218487496163566,-1.8067508880969472,-1.7030877454725484,-1.1752644,-1.2377685321962828
650d2a06bdda614f,test,-0.0839693079961662,-0.8257799539191772,-0.6275491605201402,-0.89222527,-0.7829528571432325
923c98fe5eb14362,test,-0.7907531512466263,-1.2481289095748995,-1.3921296585870908,-1.2600492,-1.2835934595850216
3aa207288516e0fe,test,-0.2365720064370627,-0.3818567099209936,-0.4365553780743787,0.5487352,0.117412469847068
41d86e584befd875,test,-1.4145392704914994,0.0302471454999413,0.3072859404367986,0.66206044,0.0848790829743444
79227ff8d320d956,test,1.0413926851582251,1.6128804843568547,1.6829141076947485,1.0642,0.9304238594871872
4894779c6eeb6055,test,-0.1366771398795441,-0.3293691286079658,-0.2667494326399973,-0.20569712,-0.2933938783696933
092c46441ae8dd6e,test,-1.337242168318426,-0.3279833787807511,-0.3018385455349687,-0.080952786,-0.0179948884757284
1989afab08100ed5,test,-2.458607314841775,0.3981011879150905,0.6955046831732382,-0.6381282,-0.6810498192898639
