id,cluster
UKZ83612.1,4
KAL7952820.1,4
KAL9121498.1,4
CAR1115598.1,4
CAF1018723.1,4
CAM6097773.1,4
KAL8847951.1,4
PGH33187.1,4
KAL8751032.1,4
KAL8640528.1,4
KAL6852025.1,4
XP_002153058.1,4
KAF4251690.1,4
KAN4856052.1,4
KAL9107834.1,4
KAN4873351.1,4
KAL8834377.1,4
KAN4859893.1,4
KAN4846486.1,4
KAN4882880.1,4
KAL9625004.1,4
XP_083114838.1,4
KAJ3141007.1,4
KAM7191934.1,4
KAL8992631.1,4
KAM0192297.1,4
KAN4137255.1,4
KAM0230621.1,4
XP_083121971.1,4
KAL6705013.1,4
XP_033556165.1,4
CAM1503641.1,4
XP_083047534.1,4
CAM1505700.1,4
KAK1239853.1,4
KAL7903034.1,4
KAL7819492.1,4
KGQ10709.1,4
KAL8403877.1,4
KAL7007551.1,4
KAN4136369.1,4
KAM5467472.1,4
CAN8097923.1,4
KAM0664870.1,4
XP_083065462.1,4
THC87373.1,4
KAJ6438938.1,4
KAO0488388.1,4
KAM0426650.1,4
KAL7791497.1,4
KAM0252554.1,4
XP_083111658.1,4
KAN4139846.1,4
KAN0736054.1,4
KAM3516912.1,4
RYC56304.1,4
KAL7943425.1,4
CAR0592370.1,4
KAM5350533.1,4
KAL9035843.1,4
KAL7810590.1,4
KAN7701646.1,4
KLJ11111.1,4
XP_073636193.1,4
KAL7920953.1,4
XP_009229880.1,4
KAM3490102.1,4
KAN4403594.1,4
XP_046140554.2,4
XP_029765786.1,4
KAO0481058.1,4
RDA87856.1,4
KAI9162739.1,4
KAI4091283.1,4
KAK5989810.1,4
CAF1526433.1,4
KAN8902313.1,4
KAI4228009.1,4
KAL6245742.1,4
CAF4187519.1,4
XP_056055484.1,4
CAF1117752.1,4
MHK4153048.1,2
CAF0880577.1,4
KAH9240337.1,4
KAG7438043.1,4
XP_003025429.1,4
KAL8885023.1,4
KAH8723382.1,4
KAG9965525.1,4
MHO2344744.1,2
XP_017996595.1,4
KAJ2971799.1,4
MEZ0302370.1,2
MEZ5891888.1,0
MHE2666932.1,2
OGO12681.1,2
KAI5249407.1,4
EWY80778.1,4
KAE9991820.1,4
HMD89255.1,2
MGQ0850041.1,2
MHD9132688.1,2
HSU05718.1,2
MHR5035277.1,2
GAB4578197.1,2
XP_060366006.1,4
MHG1257570.1,2
MCB0188896.1,2
MDR3577332.1,2
HEY7582592.1,2
WP_428408736.1,0
MHF0652826.1,2
MBI4462564.1,0
MHE6240336.1,2
HZQ08684.1,2
MCB9135400.1,2
MHV1995574.1,2
MHH6886715.1,2
MDP9316765.1,2
MGQ9908490.1,2
HUO95957.1,0
KAI4264773.1,4
HEX9374268.1,4
MHS3273504.1,2
MHE4423474.1,2
MHS7509077.1,2
MCL4868557.1,2
HJS71262.1,2
MHL8956285.1,2
MGH2597906.1,4
MDQ3779138.1,4
WP_395072540.1,0
KLU86969.1,4
HSC07134.1,0
MGB7860899.1,2
MHE2488502.1,2
HSK07377.1,2
RCL41394.1,0
WP_375202515.1,0
MHS7961056.1,2
GAC1690944.1,2
WP_483703014.1,2
KAF7533600.1,4
CAR3022336.1,0
WP_332034477.1,0
KAL8888450.1,4
MHS8048456.1,2
MHD8063245.1,2
WP_104828048.1,0
HJZ30489.1,2
WP_386746228.1,0
MDH4049298.1,0
MFQ5548960.1,0
MGD8579728.1,0
KAF1349239.1,4
MHJ9446479.1,2
HXV26337.1,2
HEX6298899.1,2
TET31689.1,4
MHE9238388.1,2
MEX0865061.1,2
MHD9616300.1,2
MHS4907657.1,2
WP_324438001.1,0
MFL7891070.1,2
MHK0262759.1,2
MHE8089310.1,2
HEX9847463.1,2
KAK2674804.1,4
MBN2470462.1,2
MHL5194508.1,2
WP_374311070.1,2
MCH2314923.1,2
MGH8923277.1,2
MHT6981961.1,2
HEV2107324.1,4
MGF1665205.1,2
MHR5153325.1,2
MBP6003576.1,0
WP_246159100.1,2
MBT5264819.1,2
MGH2591923.1,2
MBV8681869.1,2
MHD4680827.1,2
MAD29241.1,0
GIU91659.1,2
WP_296382212.1,2
HSD73796.1,0
MFN8596985.1,2
HUF38242.1,2
MHL8904706.1,4
WP_460708743.1,0
HLW47438.1,2
HPS69051.1,2
XP_073569724.1,4
MHB0875023.1,2
KAI1777448.1,4
MCA9971375.1,2
HEX5764548.1,0
MFO7548028.1,2
MET0814819.1,0
WP_386754160.1,0
HET7010410.1,2
HVR80417.1,2
MCU0281492.1,2
HEX5672337.1,2
MFL6575223.1,0
MBI2677868.1,0
MHG1257569.1,2
MHL5457242.1,2
MEK6756826.1,0
MBP7687964.1,2
HEU5013736.1,4
MBI3172163.1,4
HLI11493.1,2
MEQ8177202.1,0
MHL4880341.1,2
HXP76438.1,2
WP_200608809.1,0
HCA79197.1,0
MHR9707500.1,2
HYT29799.1,4
MEC7860669.1,0
XP_031016440.1,4
WP_133612517.1,2
WP_473385492.1,0
HJR93517.1,2
MBP7998810.1,2
HTL50511.1,0
WP_379882422.1,0
MGH8194881.1,0
HSL10137.1,4
MHG0872331.1,2
MHD7205569.1,2
WP_220594013.1,2
WP_421090329.1,4
MBI1779593.1,2
MHS5987839.1,0
MHH6612298.1,0
MDX1555191.1,0
MGD0301943.1,0
MCL4295830.1,2
HEX6287687.1,4
RPI26122.1,2
HEY8265775.1,0
WP_487066077.1,2
HTS93083.1,2
MET0387828.1,0
MFN2152911.1,2
MHE6898498.1,2
MHA1829546.1,4
HKX57884.1,0
HKB13073.1,0
MHL7346564.1,2
MBA3360732.1,2
XP_073621697.1,4
MDH3812888.1,0
MHI0243168.1,2
HEY4580621.1,0
MFH1574126.1,0
MGJ3251817.1,2
MHS2359156.1,0
HZY45582.1,2
HIR5546076.1,4
HET6629817.1,0
MHS7281572.1,0
MET0618702.1,0
MDQ3694638.1,4
MBA3320596.1,0
MEX2123746.1,0
HET9330268.1,0
MHF1269653.1,2
WP_235950846.1,0
HZD57995.1,2
MHE0450362.1,2
MFN8440028.1,2
HEX7956002.1,0
MHE7357360.1,4
MCA1651823.1,0
HKE96061.1,0
MDZ4737556.1,2
MGH2537350.1,2
HEY7377696.1,0
PYQ10697.1,0
MFQ5983603.1,0
MCB9954947.1,0
MHS3198353.1,2
MHE4868001.1,2
MGH8953141.1,2
MFN8478735.1,2
WP_156640821.1,0
MEX0985250.1,4
MCP5381520.1,0
MDX2008285.1,0
MBN9389155.1,4
MCI0543284.1,2
HUN45357.1,2
HEY2346753.1,0
HLN12208.1,2
MDP9065695.1,0
MHK8642388.1,4
MDA8118084.1,4
WP_422209431.1,0
MCB0047617.1,2
MFQ6006081.1,0
HEY5809499.1,0
HEV8041006.1,0
MEO7911127.1,2
MHS6906086.1,2
WP_260796634.1,0
WP_184330253.1,0
HEU4319447.1,2
WP_348643763.1,4
MEJ2264673.1,2
RIK73108.1,0
MFZ0546516.1,2
MHM0739855.1,0
MDE2775589.1,2
MHR7188339.1,2
HKK22969.1,0
MHR9399560.1,0
MBM3947722.1,2
MBA2258081.1,0
WP_339692309.1,0
MDP9495263.1,2
HEX2140107.1,0
HLE31274.1,0
MGH8249674.1,0
MBA3873152.1,2
MCB9148679.1,2
THY61065.1,4
MHD8031092.1,2
WP_350290921.1,1
HVG81224.1,2
HEY2892256.1,2
MCU1274356.1,0
HSM45205.1,2
MFZ0625249.1,2
MGI9202548.1,0
MGQ0675469.1,2
HWM28721.1,0
NQD36363.1,0
WP_169485970.1,2
WP_036166400.1,0
MBI1764195.1,0
HSO51088.1,2
HEY6439715.1,2
HMI90224.1,0
RZA37389.1,0
WP_298214920.1,4
MBZ5625509.1,0
HUV25728.1,2
MHJ9720978.1,4
MFN7979347.1,0
MDO5436466.1,4
MCH7746427.1,2
MHK0086574.1,4
HQZ83282.1,0
MBC8077986.1,4
MDO5140045.1,4
HUO79229.1,0
MDP1570092.1,4
MGI4879992.1,4
HET9002047.1,2
MHK7844904.1,0
HXI30101.1,0
MHR9452609.1,0
MEX0735276.1,0
MEX2134403.1,2
MHE3340303.1,2
MHE0565555.1,0
MEO8364955.1,0
MHD4564666.1,2
MDG1709516.1,0
HWA48397.1,2
HYB32136.1,0
HIR5007566.1,2
MGE0724250.1,2
HVQ34093.1,0
MGE3150479.1,2
HUJ51238.1,0
HEY8285681.1,4
WP_183753108.1,4
MHH8517099.1,0
HTZ80711.1,2
WP_338247474.1,2
HWP83524.1,0
WP_409572627.1,2
WP_428299111.1,2
NLT41063.1,2
MHR7378159.1,0
MFH1942897.1,0
MEM7127636.1,2
KPK10051.1,2
MGH8314185.1,0
WP_488633503.1,0
HJQ68713.1,0
MHD7877730.1,2
WP_092406492.1,0
WP_323845939.1,0
MEZ4667105.1,2
HEU5431657.1,4
HQU83010.1,0
MHT7014672.1,0
MEX2115411.1,0
MHE4186392.1,2
MHR9520554.1,0
WP_408107566.1,4
HET9202164.1,2
HLJ90850.1,0
GAC1501741.1,2
MFQ5743496.1,0
MGD0305477.1,0
HJQ77670.1,2
NPV66466.1,2
MHH6943426.1,2
MHR7073933.1,2
MGB8360479.1,2
HET9259924.1,2
MGE5413837.1,0
MBU1751270.1,2
MHE2749377.1,2
NNC76644.1,0
WP_162350496.1,0
HKV43049.1,2
HWS89790.1,0
MHS5636402.1,2
MGI8553418.1,4
MFZ0426598.1,0
HVO96840.1,0
MFN8453980.1,0
MHR9295571.1,0
MHR5516841.1,0
MGA3244390.1,0
MDF2763819.1,2
MHL9178182.1,2
WP_448951643.1,4
WP_068617491.1,0
HVN53582.1,4
HXA67467.1,0
MHS8748596.1,4
MBN8890074.1,2
MHS0001647.1,0
MHD8406925.1,2
HSC78092.1,0
MGH9719031.1,0
HVD44913.1,4
MEJ0086737.1,0
MHT5090875.1,0
RIJ95819.1,0
WP_204637465.1,0
MDB9977283.1,0
HTT44304.1,0
HSR33571.1,4
HKD77722.1,2
MHS8094996.1,0
MHE0456851.1,0
HEX8285059.1,0
MHS3248946.1,2
PYX01209.1,0
MBX7233896.1,2
MBK6327258.1,2
MBA3386659.1,0
HEX9680248.1,2
HIV64909.1,4
MHQ9958872.1,4
TMD14942.1,4
HEY0671280.1,0
MEO7001683.1,4
CAR3058385.1,0
HKN79508.1,0
HEY4367081.1,0
MGA2082409.1,4
MHL1095631.1,2
MBI1750324.1,0
MCA9910429.1,2
HYG99924.1,0
HEX3499253.1,2
RLA31503.1,0
MBX7062646.1,0
PHH63051.1,4
HUG03301.1,0
MHS7659675.1,4
MHS7982961.1,0
WP_194930679.1,0
HWT00724.1,0
WP_282044336.1,1
MCC6703340.1,4
HXI80266.1,4
MHR7046042.1,0
HKX07399.1,2
MBI1277297.1,2
HZN99418.1,0
RYZ73880.1,0
HWN05924.1,0
OTA04088.1,4
MFN7995665.1,0
XP_024751722.1,4
HAL55760.1,0
MCU0251402.1,0
MGH7125872.1,2
NPV07001.1,2
WP_481216526.1,4
NDQ56752.1,0
WP_296353207.1,1
MDX1480650.1,0
MHD7909570.1,0
MCE7741111.1,4
HEV8420064.1,4
WP_162314503.1,0
MHS2329007.1,0
WP_146543794.1,4
HET7107151.1,0
HLY51960.1,0
HVR04382.1,4
MEW5988801.1,2
HVH54620.1,0
HEY5858686.1,4
MHS7335292.1,4
MHS2257915.1,4
MHS5447340.1,0
MHH8281514.1,0
MBA3608049.1,0
MFN8078118.1,2
MHE3252076.1,2
MHS3326476.1,2
HMV09420.1,1
MBM52753.1,0
MBP1636758.1,0
HET7080930.1,2
MHE3085844.1,0
MBP7369875.1,0
MHH8413635.1,2
MHE0154472.1,0
MHR9831889.1,2
MCF8068977.1,0
MHS1390981.1,2
HEV8694458.1,0
MDP9297623.1,4
MBM4218167.1,0
MEQ9562029.1,0
MCO6450550.1,2
WP_465268409.1,0
MEX0644980.1,0
PYQ09496.1,0
HEV2095354.1,0
MDB2544571.1,0
HEY7399474.1,4
MBM3808362.1,0
MCI0586349.1,0
MCX6543195.1,0
MBI5296126.1,4
HUA88235.1,0
MGH8175877.1,0
MEB3186596.1,4
MCL4524521.1,0
HEY6430790.1,2
MGH9601954.1,0
MHE5648793.1,2
MCA9838605.1,0
MBN1995493.1,2
MBS1672738.1,4
HYJ04428.1,0
HEX9208094.1,0
MHS3175372.1,0
MHR6951646.1,0
XP_013960062.1,4
MHE1723765.1,2
MGH8242241.1,0
MCX6016105.1,2
HKQ16698.1,0
HEX3319860.1,0
MBS0388951.1,0
HEV2022439.1,0
WP_309131219.1,4
MGW8319482.1,2
MGA8707327.1,2
HET7209444.1,0
MGI9254898.1,4
HKJ19238.1,0
HEX6386569.1,2
MCU0453072.1,0
MHF0845135.1,0
HEY2858040.1,0
MGI6207038.1,2
MDH3193063.1,2
HTO80957.1,2
WP_067213581.1,4
MHS8234813.1,0
MBO0778634.1,2
WP_095044453.1,2
MGI9088704.1,0
WP_112428394.1,2
MEX0976979.1,0
MHJ8564791.1,2
MHS7504450.1,0
MHS1012503.1,4
MEP7118128.1,0
HXV40593.1,0
WP_163842862.1,0
PYV60901.1,0
MFL6541391.1,0
MSP50328.1,2
MFL5738065.1,4
HVA89547.1,4
HQR48924.1,0
HZW60133.1,0
MEI6458141.1,0
MBL7839778.1,1
HEV2197682.1,0
HET8692518.1,0
HJN48658.1,0
HEY4448762.1,0
HEX8287586.1,0
MHT5568824.1,0
MHE5080999.1,4
MHS4708251.1,0
MBI4466474.1,0
MEY2846382.1,2
MHS0791539.1,0
HZS09578.1,0
WP_348141050.1,1
MFN8830865.1,4
MCK4971923.1,4
HET7846550.1,2
MHL9047847.1,0
MBI1298626.1,0
WP_434020282.1,1
HEY7114691.1,0
MHE8581794.1,2
MGH2346748.1,4
MHS6868458.1,2
HMQ55183.1,2
MHJ9831073.1,4
MHF1705338.1,0
KAL4779847.1,4
MFQ5790528.1,0
MFN2476193.1,0
MDZ7364221.1,0
HTG76650.1,0
KAL7799798.1,4
MHR9440067.1,0
MEO7021579.1,4
SPF48771.1,0
MHE9837403.1,2
HLF83155.1,0
MHM1056439.1,4
MBI3647942.1,4
MCB8965854.1,2
HXV23689.1,4
MHH6781594.1,0
MHS8152637.1,0
MFO1057869.1,2
MFL5767084.1,4
HEU4530751.1,0
WP_395017264.1,2
MBS0364628.1,0
WP_387434683.1,4
MBA2584955.1,0
HXX37206.1,2
MGH9773380.1,0
MBZ5571305.1,0
PYT79083.1,0
MCP5514100.1,4
KAH8649799.1,4
WP_167190300.1,4
HEY4302374.1,0
WP_230526332.1,0
MHD7640929.1,0
MHS2053196.1,0
HEX9456644.1,0
MEW6130536.1,0
MBS0379443.1,0
MBL8551344.1,0
HEV3246968.1,2
MBW2057803.1,0
MHL5419200.1,0
MFN2540968.1,0
WP_310058197.1,0
WP_348371294.1,1
HET6444619.1,0
MEO5721268.1,0
WP_251753688.1,4
HZW31330.1,0
MEJ2095572.1,4
OGT58127.1,0
HYW48175.1,0
MEP0807273.1,4
MHF9260846.1,2
HKE07182.1,0
WP_144293508.1,2
MHM1966557.1,4
NJN97032.1,2
MEQ9400975.1,0
HXZ60769.1,0
MBR6789379.1,4
HZU41917.1,0
MBC7991091.1,0
WP_184127672.1,0
XP_041549666.1,4
MEM8999448.1,1
HVR78561.1,2
MEO5859029.1,0
MCG3140517.1,2
MCI0355718.1,0
WP_342159008.1,1
MCW5959053.1,0
MHA1551786.1,4
MDH5260848.1,0
GAB4166376.1,2
MGI8741140.1,0
HWA96308.1,0
HJZ64563.1,0
MHD7233421.1,1
HMK87354.1,0
MEX2494879.1,0
HLO29361.1,4
MEW6208444.1,0
KAM0331441.1,4
MHS5675182.1,0
MFZ2506949.1,0
HWY42599.1,0
MHE8209290.1,0
MHL0362222.1,4
MHD6980250.1,0
MCC7163259.1,2
GIK98025.1,2
MHL3942233.1,4
MHS2111545.1,4
HEU4627402.1,0
HET9742231.1,0
MHS1432977.1,0
MHE4907622.1,4
MGA9473100.1,0
MEM6766715.1,1
HYN47512.1,4
WP_310054702.1,0
MDQ5823130.1,0
HTR02901.1,0
MFN8459890.1,0
MEE2692180.1,0
MDG1727292.1,0
MHS8807019.1,0
MFW6084882.1,0
HVO04618.1,2
MCA9954723.1,2
HKZ53340.1,0
MGI8784191.1,0
PYV99804.1,0
MCC7130281.1,4
WP_174542097.1,4
MDH5619100.1,0
MGQ0384167.1,0
HKU12942.1,0
MHE7270819.1,0
HEY0070999.1,0
MHR7078775.1,0
MGE5463377.1,4
MET0754603.1,0
MEE9218301.1,0
PNP61073.1,4
HVF40626.1,0
HUI18131.1,2
MCK6472912.1,2
HKG24377.1,4
MEO8657417.1,0
HET6593282.1,0
MBW3552346.1,0
HTN11769.1,2
MCS5649323.1,0
WP_411505123.1,4
HVG18392.1,0
NIM52648.1,0
WP_116549928.1,4
MHR6497034.1,0
HJP65624.1,4
HEY2803340.1,4
MBV9625743.1,0
MEX1328896.1,0
HYL75383.1,0
HZT41740.1,0
MEY2496307.1,0
HTY40719.1,0
MHS7576400.1,0
MHS2417522.1,0
MGB7069513.1,0
HEY7032579.1,4
PYQ06023.1,0
WP_225696851.1,1
MHS0036585.1,0
HJR59228.1,0
MBC7985342.1,0
MEP6820947.1,0
MEY2506844.1,0
MFL6592346.1,0
HEY0610712.1,4
MBI3748278.1,4
PYR75201.1,0
WP_298738687.1,4
HEV8018745.1,0
MGC1729005.1,0
HKU42502.1,0
MGZ5129546.1,4
HEY7306177.1,0
MDQ6730628.1,4
WP_101947949.1,4
HEX4542139.1,0
MFV0253148.1,4
MFY9550542.1,0
MBE3519494.1,4
HWF36736.1,4
WP_343398777.1,2
MHL8819612.1,0
MFT5501105.1,0
HLB90611.1,0
WP_116365992.1,4
MEK7439543.1,2
MHL8962539.1,2
HEY5890153.1,2
MHK3373186.1,2
MBI4428560.1,0
MDE0756179.1,0
MDP9326810.1,4
MFX1253549.1,0
MHD6860560.1,0
MHR6870889.1,2
MDQ3421607.1,0
MBN8428507.1,0
HKY49281.1,2
MHD5229671.1,0
WP_459853225.1,2
WP_331612205.1,0
HUN83226.1,0
MDZ7644993.1,0
MEI8332805.1,4
MHM1730383.1,0
MDC0235191.1,0
MHR9653220.1,0
RPH97049.1,0
HUS68646.1,4
MHS8544892.1,0
MBL8123174.1,0
WP_324858654.1,0
HEY1471205.1,0
MDP9296643.1,4
OGT45005.1,0
MHL0090857.1,0
MBA2575135.1,4
HEX6219536.1,2
GAC1553516.1,4
HUI42255.1,0
HKD01022.1,0
HYH84842.1,0
MHF1759122.1,0
MHH9174561.1,2
MEX2257738.1,0
HEY0502545.1,0
HIR5593690.1,0
HUO19043.1,0
HTD31538.1,0
MGB5242756.1,1
HXB71210.1,0
WP_242929292.1,4
MEA2561319.1,0
GAC1471549.1,4
MFN5927724.1,2
WP_092009389.1,4
WP_235068626.1,0
MGE5226583.1,4
MDE3199747.1,0
MHS6304927.1,0
HEX9333946.1,4
WP_489145300.1,0
MBI4013726.1,2
MFN2104065.1,2
NUM49301.1,2
HEY7590900.1,4
MHE1103632.1,1
MDX1477711.1,1
HEX4438951.1,0
MGB0373189.1,4
MHD9686597.1,0
MHR7400604.1,0
CAR2907444.1,0
HTQ87249.1,0
MHS0143212.1,0
MHR6391354.1,2
HIR2909887.1,0
MBP1775755.1,0
MGH9945309.1,0
WP_161437482.1,1
HEY6129896.1,0
HSE36641.1,0
MDQ3396259.1,4
HET9684313.1,0
CAR3519736.1,0
EXV05602.1,4
MFM9107217.1,2
MBI1365239.1,0
HRA48106.1,4
HVN05300.1,0
MCK6583399.1,4
MGI8890709.1,0
HVL24291.1,4
MHJ8750164.1,4
HVM83133.1,2
MGD1009617.1,0
MGQ9554084.1,2
HEX3400508.1,2
HSC06334.1,0
MGA9572782.1,0
HVO81080.1,0
MDQ6622481.1,0
HXN19210.1,0
MGE5114453.1,0
MHE9632488.1,0
HXV70972.1,2
MHS2596574.1,0
MHT5112398.1,0
HEY8053851.1,0
MBK5292803.1,0
HTJ17107.1,0
HEV8383642.1,0
MBI5876057.1,2
MHD7149620.1,0
WP_299655980.1,4
KAK2760746.1,4
HYN87324.1,4
MBT6244509.1,4
HZU13610.1,4
HEV8525627.1,0
HVC83546.1,4
MFO7694476.1,0
MGE5616786.1,0
HEY1433735.1,0
MGN6810418.1,4
HEV2860271.1,0
MFL5827054.1,4
HEY7098139.1,0
WP_269933370.1,0
HEX9487543.1,0
MBI3884410.1,0
HSH79386.1,4
HSJ90222.1,4
HEU0291654.1,4
HZC66750.1,0
MBP6743321.1,4
MDI1242479.1,0
HKD52653.1,0
MBA2275253.1,4
MDA8317560.1,4
HEX7139341.1,4
MEW6265125.1,0
WP_109487232.1,0
MCI0691637.1,0
GJL80394.1,4
HEY4053562.1,0
KAL4731793.1,4
MCA1630484.1,0
MDJ0955462.1,0
HLK17475.1,0
MCJ7591811.1,0
HKW34749.1,0
MHT5114818.1,0
MHS8588076.1,0
NRA71635.1,4
MBI4164963.1,0
MHL7102595.1,4
MHD5343306.1,0
MBA4123826.1,0
OFV87620.1,0
MBN2203764.1,4
HEY0050947.1,0
MHE3837436.1,2
OIO11592.1,4
MGA8205298.1,0
MHD9584993.1,0
HVN44564.1,0
HIR2939372.1,0
WP_482753871.1,4
MHS2246821.1,0
MDQ3626020.1,0
MFN4259649.1,0
HUA19477.1,0
HVR23742.1,0
HEX5836335.1,4
MHS5086299.1,0
WP_331823893.1,4
HEX4173832.1,2
PYL49326.1,0
HEX6065694.1,0
MHJ9310571.1,0
HVZ82674.1,0
MHS0481512.1,4
MGB2715215.1,0
MGH7567405.1,0
MDX2315732.1,4
HEX9854837.1,2
PYU13817.1,0
HEX7374164.1,0
MHS5398189.1,2
MFY9560192.1,0
MGB4772837.1,1
WP_152345988.1,4
MFL5727581.1,4
HEU4751025.1,2
WP_206560783.1,4
MGC4106761.1,4
MFC1660485.1,0
WP_299378954.1,4
MHJ8547716.1,4
HEY0369648.1,0
MHG0777332.1,1
HIR5085176.1,0
MGB3714518.1,0
WP_155210775.1,1
MEK6689342.1,0
XP_013961655.1,4
MHJ8491916.1,4
HYC73000.1,0
MHS6761316.1,0
MHD7879859.1,0
HEY3930629.1,0
WP_377316023.1,0
HEY4161910.1,2
MHE6874432.1,1
HEV8423336.1,0
NIS91352.1,0
HWF75488.1,4
MEQ1584478.1,1
MBE7552255.1,2
MHS4501862.1,4
HIR2913114.1,0
CAQ9281757.1,4
MHS8628805.1,0
MGA2131649.1,0
HKA02338.1,0
TVY84647.1,4
MBX2876761.1,1
WP_232899406.1,0
PYX66532.1,0
WP_085637599.1,4
HZB25710.1,0
MDE3000469.1,4
HZM24295.1,4
HEX8734662.1,0
MFX0195764.1,0
HJT12690.1,2
MFZ0854364.1,2
WP_393172439.1,4
MGA2429931.1,0
MHS6095614.1,0
HXT47279.1,0
HEX6805017.1,0
MGD2043126.1,2
MBL9034184.1,2
MDX1498989.1,0
MDA0748714.1,4
MFZ0704195.1,0
MHT5839500.1,0
MHS5848220.1,0
HVH59166.1,0
HEV2696754.1,0
WP_379953834.1,2
HKA18272.1,0
MHT8771992.1,0
MCW5862278.1,2
WP_250436622.1,1
MHE8250506.1,0
MHS6456250.1,0
HXG90914.1,0
MHS1763246.1,0
HEX9724499.1,0
MHF1404531.1,0
HWM26331.1,0
WP_321389786.1,0
HEY7668852.1,4
MCA9139022.1,0
HHY34335.1,4
TNE60500.1,0
MFN5058890.1,2
WP_266215561.1,0
WP_269422743.1,4
MFT5217882.1,4
MHL5257572.1,0
HEX8490936.1,0
WP_106087462.1,4
HXX15572.1,0
WP_429831276.1,4
MDB6146827.1,0
HKF71847.1,2
UCE12168.1,4
WP_472816950.1,0
MHR5684003.1,4
TNF87135.1,4
HTS47402.1,0
HEX8917547.1,4
HVJ32519.1,2
WP_007914882.1,2
HWL49832.1,2
WP_151541777.1,4
MGB7876051.1,4
MHL7191148.1,4
HEX8247238.1,0
WP_054529142.1,0
MFN0177521.1,0
MFZ5792493.1,2
HEX4810973.1,0
HET6195461.1,2
KAH8888925.1,4
MHS6103573.1,0
HEX8683758.1,4
HEV3486538.1,0
MHM2032646.1,4
MHR0066406.1,4
MGZ4966331.1,0
MBZ5671728.1,0
KAL3433554.1,4
BGH11321.1,1
MCH2252679.1,0
MBV8436205.1,0
MBY9000155.1,4
HKD17583.1,0
MHT5262219.1,4
HSI72496.1,4
PWB75057.1,4
MHM0082351.1,0
MBL8930000.1,2
MHE6772369.1,2
HEX4618688.1,0
MCA9922421.1,2
HIR2987195.1,0
MGH7470653.1,0
MAD58810.1,0
HXX99961.1,0
HIR5177124.1,0
MEK7787867.1,2
MHD4933335.1,0
MGC4189879.1,4
WP_260762856.1,4
PWL60104.1,4
MBI2949453.1,0
MGH9328138.1,0
MDH3723781.1,0
CAR3461288.1,2
MBI3649951.1,0
WP_315470398.1,4
MHH9131284.1,0
MEO6567869.1,0
MGA8194313.1,2
OLS29068.1,4
HZM88423.1,0
WP_011524456.1,0
HGY91012.1,4
MCA0456357.1,2
HET9457314.1,4
MEQ8313325.1,0
MDQ3006688.1,4
MEX0695958.1,2
WP_427680510.1,4
MFN0086495.1,0
HIR5102818.1,0
NTW12844.1,4
HEY7957964.1,4
HIA79135.1,0
MBI3111528.1,0
MBW8866205.1,0
MGA2201660.1,0
HCP62140.1,4
WP_175379027.1,4
HYH08830.1,0
HEX8412236.1,0
MGA2211848.1,0
XP_070891680.1,4
RNC92153.1,1
MHD8509158.1,0
HEY4750565.1,0
HEX8077670.1,0
HUI50574.1,0
MBA2641339.1,4
MEZ5500034.1,0
MCI0663673.1,0
MCC7198677.1,0
HEY8234817.1,0
HEX4972773.1,0
HKS76210.1,0
KAI5459532.1,4
MCI0672282.1,0
QDU95711.1,0
MCZ7672929.1,2
HVP91176.1,0
MBZ5704102.1,0
MDR3703124.1,0
HSC28415.1,0
MBK5267213.1,2
NNN12078.1,4
MBI5838652.1,4
MHE3030488.1,4
WP_265242919.1,1
XP_026601946.1,4
WP_320761652.1,4
MHD9570321.1,0
HEV2994757.1,0
MGD2215876.1,0
WP_276819066.1,4
HNI58655.1,4
KAH7312189.1,4
MFK5974407.1,1
MHS5659005.1,4
HLM98099.1,0
MGB5103663.1,0
MBA2678898.1,2
HEX7175628.1,0
MEQ9300671.1,1
TLZ23947.1,0
MHT6778425.1,0
MBT6882413.1,1
WP_308482012.1,4
WP_370676961.1,4
HKX75591.1,2
HEY1896741.1,0
MBL9210297.1,0
MBM4186139.1,0
MEM8985332.1,4
MEW5974763.1,0
MHS6935006.1,0
MGD9629954.1,0
MFT3892474.1,4
HLM67459.1,0
MHS1141714.1,2
WP_231698065.1,0
MCH8907047.1,4
WP_070186108.1,4
MEQ1763176.1,0
HEX7152450.1,0
HYW65197.1,0
OGU31728.1,0
MHE6122090.1,0
WP_123688705.1,2
HZT28619.1,0
MCI0351779.1,0
MEX1128075.1,0
HJT80277.1,0
HYP50234.1,0
WP_201654262.1,4
MBC7634102.1,2
GIW03809.1,4
MEM7673533.1,4
MFI5097288.1,0
WP_309684857.1,4
HEV1994211.1,0
HCR19095.1,4
HEX7730784.1,0
WP_234063914.1,0
PYK57837.1,0
HEY4611580.1,0
UZJ50750.1,4
MBN8618541.1,2
MBA3886272.1,0
WP_303238005.1,4
MDQ6633443.1,0
HET6181665.1,0
PYK18666.1,0
HUI59350.1,0
WP_160590077.1,0
PYR56234.1,0
MGB8342280.1,0
MEY3145519.1,2
MHR5348542.1,0
WP_085900886.1,4
HEY7414064.1,2
MBN2114471.1,2
MBU6418264.1,4
MBT3789330.1,4
WKZ35504.1,4
MCG6888336.1,4
HEY0608683.1,4
HUN21650.1,2
HEY1283139.1,0
PYJ98602.1,0
MEW6320448.1,0
HVW90597.1,4
MGH7107488.1,2
MGQ0562172.1,0
WP_264712842.1,2
MHR5472062.1,0
HET9513764.1,0
HYB10051.1,2
MHH8564198.1,2
HTD47801.1,2
MBK7597495.1,0
MHU5898180.1,0
MHS7526609.1,0
HEX6132278.1,4
UCC85031.1,0
MHL6808158.1,4
MHD7020700.1,4
MHS3835803.1,0
HEY7576217.1,2
HTC14289.1,0
HVT52162.1,2
MHS1249722.1,2
HKV64258.1,0
HKZ42106.1,4
MHK8026819.1,4
MHT7041808.1,4
MEO7167562.1,0
MBH54044.1,0
HLT90287.1,0
HYZ04955.1,4
MHE8519293.1,4
GJQ20885.1,0
HJX65867.1,4
MDQ3996148.1,0
HIF38901.1,0
MHE7663274.1,0
MEM7501017.1,0
HEU0307165.1,0
MBA2362147.1,4
BDC52393.1,0
MEK6320369.1,0
MDB4981960.1,4
HLM00630.1,0
WP_216841150.1,0
MDQ4122166.1,0
MFN7923579.1,0
MGA3091725.1,0
WP_101570162.1,4
MES2777767.1,4
HEY7704234.1,2
TLY70986.1,0
HIR6046651.1,0
MBF0279861.1,0
MGA7683984.1,0
MBA2737349.1,0
HJS44515.1,0
MCS5701792.1,0
HXA08494.1,0
HEY8447884.1,4
MGD9902515.1,0
WP_400647429.1,4
KAL4984099.1,4
HEX6095216.1,0
WP_115087266.1,4
HYK99754.1,0
MEP6639176.1,4
HSK71051.1,0
MDQ3041164.1,0
WP_146346352.1,4
HEU0139931.1,0
MHL9220778.1,0
MCJ7451888.1,0
HEY8795709.1,0
MFQ6123537.1,0
MCH2154804.1,4
HST22037.1,0
HEY3183869.1,4
HUO34796.1,0
MDQ3122008.1,4
WP_235704143.1,4
HTC41711.1,0
HVH83679.1,0
MFZ0158506.1,2
HZF34540.1,2
PYT22369.1,0
MFQ5927350.1,0
WP_119421676.1,2
MDX1396213.1,0
HEX6285193.1,0
MCI0398038.1,2
WP_007965940.1,4
HUN08641.1,2
MBA3650370.1,0
HSY45793.1,0
MFZ0735981.1,0
WP_290291277.1,1
MDH3988055.1,0
HMQ30327.1,2
HEX6119447.1,2
HSY05964.1,0
HUX08158.1,0
HET7031166.1,4
MEZ5290675.1,0
MEM6649860.1,4
MEE4163474.1,0
MBY0527457.1,0
MBL8877073.1,0
WP_109367146.1,4
HEY4945044.1,4
WP_215817459.1,4
MHV1958305.1,0
MDQ3219372.1,0
WP_374337786.1,4
HIR3278899.1,0
MHK0329790.1,0
MBV8673383.1,0
MBN1665747.1,2
MBA3234441.1,4
MGN6032410.1,4
MCC6614448.1,2
UCF39317.1,0
MHL7065939.1,4
WP_084086368.1,1
KAF3399199.1,4
MEK6302821.1,0
HWC77678.1,0
MBS1853251.1,0
MHE3433800.1,0
MBI3670099.1,0
MHE0842843.1,0
WP_437377530.1,0
WP_036339357.1,4
MHG0001538.1,0
KAL5341385.1,4
HWO23497.1,0
HYM71112.1,2
MBK6870894.1,2
MEO8293348.1,4
NIV19108.1,0
PDH42700.1,0
HUI57638.1,0
MCU0504727.1,4
HEY2796633.1,0
MGH9683384.1,0
MBI3298039.1,4
MEJ2711404.1,2
HEX7182165.1,0
HET8602452.1,4
OLE15479.1,0
HEY3202327.1,0
WP_103191354.1,1
WP_299163672.1,1
MGB7585101.1,0
MCY3767274.1,4
MGH9451468.1,0
MBN1965837.1,2
MHR6403542.1,0
MBM3694832.1,2
WP_160964593.1,4
HKR36559.1,0
MHE3724593.1,0
HLY17861.1,0
MBA3445156.1,0
HEY2807916.1,0
OLC42756.1,0
MCX6434245.1,4
MGE5361848.1,0
MGA2709918.1,0
MBK9170718.1,0
WP_421796152.1,1
WP_329568287.1,4
HVM76399.1,0
MDQ3749332.1,0
MGI8960881.1,0
MBA3259556.1,0
WP_267574534.1,0
PZR75635.1,0
MBK9155853.1,0
HVM92648.1,0
HEY5823984.1,0
MBA3632994.1,0
OGD21354.1,0
MGH9321396.1,0
HEV8259354.1,4
HUI73472.1,0
HUS17053.1,0
MBX3071462.1,4
KXK07402.1,0
HEY7825795.1,0
HIM74263.1,0
MBV9835288.1,4
HZU08284.1,0
MEZ5421411.1,0
PCJ50475.1,0
MGD0631144.1,0
HKX84003.1,0
MFM2310386.1,2
XP_070897214.1,4
HSN71002.1,0
HVN10399.1,0
WP_311736253.1,4
MBT6423277.1,0
WP_075351132.1,1
WP_236656610.1,4
KAH8817124.1,4
MCO5195999.1,2
HIR2937785.1,0
MFL5761633.1,4
MBS1805386.1,0
MBI1740030.1,0
WP_295013866.1,4
MHH9013575.1,0
HSZ15507.1,0
PWB69845.1,0
NWG33479.1,4
MBV8476158.1,0
PYP67038.1,0
MHE7892330.1,0
MGA7560290.1,0
RLT45564.1,0
WP_119461819.1,2
MDQ3198701.1,0
MEO0468320.1,1
WP_095401060.1,4
PYV40364.1,0
MBP7779128.1,0
MCI0347949.1,0
HEX9838448.1,4
MHJ9563756.1,4
MBI1872943.1,4
MFQ5816635.1,0
MGH8137473.1,0
MCW5977110.1,0
MEX2570040.1,0
HXY08703.1,0
WP_317929522.1,4
MFY7958691.1,2
MGA8152975.1,0
HLQ48274.1,4
HSC44859.1,0
MGH7576546.1,0
HEY9126513.1,0
MHS1976170.1,0
MEA2147580.1,4
MCC7180320.1,0
MGD0175898.1,0
HTB98756.1,0
MGB9074939.1,0
HEX3891285.1,0
MDE2240288.1,4
HXG83553.1,0
MEO5717864.1,0
HSS96551.1,0
HET8644829.1,0
WP_289725474.1,1
EPA97741.1,4
HEY1262374.1,0
MGB7847390.1,0
WP_245488365.1,0
MHF1552675.1,0
MDQ3556857.1,0
MEC7895796.1,0
HUL47786.1,0
WP_324993903.1,0
MHK0452415.1,0
HTL20364.1,0
MEK6235844.1,0
WP_173796253.1,4
MHI0358584.1,0
MFW9779843.1,4
MHS7361211.1,0
MHE5545606.1,0
HTP43216.1,0
MGD0083464.1,4
GIU98761.1,4
MBU6397300.1,4
HEX5328550.1,2
MDP8982768.1,0
HIF20379.1,0
MDY4965899.1,4
HEX5788802.1,0
MFX1513733.1,4
NJN18251.1,2
MGE5278764.1,0
HMJ70654.1,1
HLJ05150.1,2
MGH9555139.1,0
MCP4976402.1,1
WP_148455652.1,1
MDH4071801.1,0
MHS5941435.1,0
WP_157503336.1,1
HTX62220.1,4
MHT5164257.1,0
MBK9923933.1,4
MHS6048589.1,0
HEY5560092.1,0
WP_428034779.1,4
HKD50717.1,0
HEY2469268.1,0
MFN8059213.1,4
HSO10851.1,4
HZQ70473.1,0
HVZ03001.1,2
MFN8059827.1,0
MHL2399501.1,0
WP_011728145.1,4
HEX8638954.1,0
WP_176641627.1,4
HKS32011.1,0
HLJ59864.1,2
MEP6574223.1,0
KAL7904962.1,4
WP_227076892.1,4
WP_166557060.1,0
WP_422743713.1,4
HEY2619576.1,2
WP_028921351.1,4
MBN2501210.1,4
MGD0005654.1,2
HTE02083.1,1
MHD9192211.1,0
MHH9137274.1,0
MCS6846407.1,2
WP_188450022.1,0
WP_278017560.1,0
MHD9082636.1,0
WP_375568104.1,4
WP_246623620.1,0
WP_304704223.1,0
MFL6041735.1,4
HET6314528.1,0
MBS0580130.1,0
WP_166638910.1,4
MBV9010337.1,0
HEX8649958.1,0
MHS6159317.1,0
MBA4097744.1,4
HET7617343.1,0
HEV8087420.1,4
OAI39993.1,0
WP_109301238.1,1
HEY4393576.1,4
MFO7533291.1,4
MEX2651873.1,2
MBV8495543.1,0
MFV1986721.1,0
WP_191018825.1,4
MFY9555484.1,0
HEX9055946.1,4
WP_394876600.1,1
MHD9065374.1,0
HVZ17694.1,0
MBX6323744.1,2
MEP7246096.1,0
WP_343401509.1,2
MFQ3187293.1,4
MGH3024697.1,4
HVU17938.1,0
MHL5438525.1,0
MBZ5562829.1,0
OGO57751.1,4
HZM51277.1,0
MHE6302874.1,4
WP_236922295.1,0
WP_028224284.1,4
MHU9352941.1,0
HYP26751.1,0
RJE18428.1,4
MCA1622789.1,0
WP_131557342.1,4
MGA8727307.1,0
WP_109824651.1,0
WP_210215502.1,0
HTU55244.1,2
WP_393879995.1,4
HEY4444337.1,0
HLK70203.1,0
TDI38024.1,0
HYR22792.1,0
MDH3732663.1,0
MDQ6656386.1,0
MBV9343605.1,0
HZT36974.1,0
WP_087490828.1,1
MHT7272738.1,4
HEY6111284.1,0
MHS6020664.1,0
KAM0276505.1,4
WP_003926035.1,4
WP_129886734.1,4
MBL8273422.1,0
MEM9209229.1,0
MHS8465250.1,0
MFZ1395973.1,2
MFW9856677.1,4
GAC1634267.1,0
HEX2450563.1,0
HUR93368.1,0
MSQ91732.1,0
HTU21219.1,0
WP_421662575.1,3
WP_299563802.1,4
WP_174800905.1,4
HVU11893.1,0
MBM3811206.1,0
MHS6557985.1,0
MEP6602970.1,0
WP_161242300.1,4
WP_424497622.1,1
MEW5926523.1,0
MEZ4898526.1,1
MFC1465413.1,2
MHH8445739.1,0
MGA2812810.1,0
HMH80837.1,0
MBM3598194.1,2
MBL9043946.1,4
MHR6530594.1,0
MFZ3217528.1,0
HEY1313931.1,0
PYS98379.1,0
TMK84814.1,4
WP_348380735.1,4
MHS3309501.1,4
WP_450026476.1,4
MEN3333290.1,0
UJR34971.1,4
WP_013376720.1,0
MBC8467138.1,0
WP_449761471.1,4
MGA9039092.1,0
WP_244590203.1,4
MDQ2919824.1,0
HEY0739819.1,0
WP_358248359.1,4
HET9744613.1,4
MHR7017753.1,4
MHR5005824.1,0
HEV7366359.1,0
PYY07439.1,0
HAB79689.1,1
WP_301457484.1,4
MHF1744678.1,0
MGH2890012.1,4
MDX1628226.1,1
PYV11246.1,0
WP_003223914.1,4
MGB8010841.1,0
HEY6302743.1,0
MHS1399160.1,0
MGA2357623.1,0
MHQ2532642.1,0
WP_227253385.1,4
MHR9872459.1,0
KAF3073801.1,4
MBU6448401.1,4
MGI8957675.1,0
HVX94369.1,4
MGZ4787490.1,0
WP_447761542.1,0
MDG1750404.1,1
WP_008435906.1,0
HTQ54913.1,0
MHL7231839.1,0
MGA2726428.1,0
HUH61356.1,0
PYT48201.1,0
PYV85450.1,0
HUJ40634.1,0
MGC2364751.1,0
MHU9345538.1,0
WP_316516044.1,4
MCC7309319.1,0
WP_430988285.1,1
HUE56426.1,0
HWG20309.1,0
MEM7416478.1,4
WP_124935476.1,4
MCA9636069.1,4
MHE2685200.1,0
WP_046369233.1,1
MSR02532.1,0
MEX2030239.1,2
MEX2272883.1,0
HEX9645179.1,2
MHS1996560.1,0
MDA2978463.1,2
WP_411128147.1,1
HXG55524.1,0
HSL46285.1,4
MBP1606740.1,0
HEY2664463.1,0
HSY08207.1,0
MHD8860255.1,0
HEX6268820.1,4
HXV56690.1,4
PYT29928.1,0
PYT98366.1,0
HKD91485.1,0
MDQ3515119.1,4
MGC2031905.1,0
MCJ7502425.1,0
MGH2507471.1,4
MEJ7624664.1,0
MFZ0014867.1,2
MEK7727258.1,0
HKW98991.1,0
MEK7276640.1,2
MGH9733009.1,0
OFZ54782.1,4
MEP6778023.1,0
HVP55101.1,0
WP_282541293.1,4
HLB96970.1,2
MCU1238683.1,0
WP_472277719.1,2
KAH6685024.1,4
MGD9137007.1,0
HEY0066756.1,1
MHU5903650.1,0
HLO13370.1,4
HEY2800162.1,0
MBV9127239.1,0
HLW87125.1,0
WP_285974876.1,0
CAQ5688941.1,4
HWC15898.1,0
WP_235510429.1,0
MGI8821023.1,0
WP_005030031.1,4
MEP7271959.1,0
HSC28652.1,0
MHS7566861.1,0
MEE4109476.1,0
WP_262306829.1,4
WP_285780217.1,4
HTG62091.1,0
HEX6324199.1,0
WP_305005689.1,4
MBO9521092.1,4
HUL85797.1,4
MEQ8666482.1,4
PYR48702.1,0
HUH96452.1,4
MCQ2530385.1,4
HXO63234.1,0
MHE8241515.1,0
MHG1247421.1,4
KAJ9155416.1,4
MFN8341818.1,0
WP_337818889.1,4
MCU1243765.1,0
HEX8218462.1,0
HEY1769281.1,0
MBV19506.1,0
HJS67534.1,3
MCK4795301.1,4
MGZ8631387.1,4
HXY73359.1,4
MGA8038030.1,0
MCB8945229.1,2
WP_142783636.1,1
HET7474043.1,4
MEY2545151.1,0
MFL6553555.1,0
MGB5131841.1,0
MHS8024469.1,0
KAL4952195.1,4
HEY9526106.1,4
RXG44337.1,4
WP_428136120.1,1
WP_246623646.1,0
WP_166962263.1,1
WP_070071661.1,4
HEY1421876.1,0
MHL8273700.1,2
NWG07041.1,4
WP_376871197.1,4
MCA9740512.1,0
MFI4890421.1,0
HEY1270930.1,0
WP_233317455.1,4
WP_228376215.1,1
WP_085729143.1,4
HZZ83590.1,4
HME22994.1,2
WP_075626134.1,4
WP_406846731.1,1
PYK77101.1,0
WP_348263182.1,0
MCY7418293.1,4
WP_293857908.1,0
MDF3018150.1,4
HYI26109.1,4
WP_216322391.1,4
WP_348628744.1,4
HMD98859.1,0
MEP7015066.1,0
HIR6342751.1,0
WP_409167410.1,4
MHR9593751.1,0
MEP6924414.1,0
KAL2850612.1,4
MHS6618688.1,4
MBI1791334.1,0
HYT80210.1,4
MGE0615415.1,4
HJQ26429.1,0
HSL33259.1,4
WP_333989084.1,4
WP_205066392.1,4
MCI0416779.1,0
MEO8571491.1,4
MBV6431790.1,0
MDP1546206.1,4
WP_105735350.1,4
MBI3668034.1,0
MGI8436347.1,0
MHH6927853.1,4
MDZ4717554.1,4
WP_114532057.1,4
HLJ92433.1,0
MFL6300048.1,0
PYR13728.1,0
MBA2606014.1,0
HEV3207780.1,0
HET9905453.1,4
PYJ24431.1,0
MBZ0285829.1,2
MFL6515415.1,0
HTO87160.1,0
HXY52362.1,0
MBI3694273.1,0
MHE6534565.1,0
WP_396450017.1,4
RYZ62896.1,1
MBE3560154.1,2
HEX4637928.1,0
WP_260496622.1,4
WP_253566441.1,0
MBI4428096.1,0
WP_051332286.1,4
WP_350303962.1,4
MDH4142454.1,4
MHE6622758.1,0
WP_337432550.1,4
MAD32626.1,0
HET6336416.1,0
MFM9908637.1,1
HKD72848.1,0
MHV1894004.1,4
WP_102141781.1,4
MEA3178539.1,0
NUO81316.1,0
WP_083447651.1,3
HXL24587.1,0
MHS8656628.1,0
MHS5754980.1,4
MEE9230912.1,0
HEU5219382.1,0
MCX7057947.1,0
PYT60740.1,0
MEL6675392.1,1
MFL5675212.1,4
HLZ11350.1,0
HXZ18442.1,0
HYW40077.1,0
MDQ3755033.1,0
MCO5142567.1,4
MHE1875456.1,1
MGA2048874.1,0
HAJ35447.1,2
XP_028499279.1,4
MBX9785533.1,1
HXM93074.1,0
HVN58830.1,0
MBZ5545032.1,0
MFN2187590.1,0
MHF1172933.1,4
MEM6630024.1,1
WP_348993252.1,4
MGZ8566109.1,4
HEX6617010.1,0
MHH9305007.1,0
HEY0703010.1,0
HEY6620427.1,0
HVS88369.1,0
MFT7434637.1,1
MEX0879349.1,0
MHK3605067.1,4
HLS47131.1,0
WP_004195001.1,4
HEX2250248.1,0
HEU5185118.1,0
MEM3670239.1,4
MBQ1945629.1,4
MHK8190540.1,2
MHD6882987.1,4
HZS85631.1,2
MHS6884580.1,4
MHF0882833.1,0
HEX4320882.1,0
HEV3374939.1,0
HET8774037.1,0
MCA9988389.1,0
WP_090358580.1,4
HUF59048.1,4
WP_308055868.1,4
MGB3327458.1,4
HWP46538.1,0
HVO44978.1,0
MHH9171601.1,0
HVG61776.1,0
PYV36007.1,0
HSB02374.1,4
MBP6995728.1,4
HEV8564285.1,4
MBK8780246.1,4
HKN25869.1,0
MHH8571107.1,2
MHE4648476.1,4
MSV28199.1,0
THZ91325.1,4
HET8622721.1,0
HEY2823386.1,0
MBI1256175.1,0
MHV1923595.1,4
MFZ1917590.1,0
MBM4196711.1,0
HUK46089.1,0
MBL8238898.1,0
MGZ4110392.1,4
MCA1667293.1,4
WP_324510352.1,4
WP_225412300.1,0
XP_046076517.1,4
HUJ20634.1,0
MHR9690855.1,0
HST29465.1,0
HEX5013794.1,4
WP_246495032.1,4
HUF35153.1,0
NCN27195.1,4
HYC59163.1,0
MCC6992935.1,0
HXK03196.1,0
HEY0091722.1,4
MGD0436662.1,4
MFN0166920.1,0
HET6823599.1,4
WP_487821031.1,4
MHS5961999.1,0
HWY41819.1,0
MDP9323349.1,0
WP_015754368.1,1
MHE0553919.1,0
HXL43555.1,4
HEY0882265.1,4
MCX7888312.1,4
MBX3703114.1,0
HEX2659168.1,4
MBS0395887.1,0
KAL3458250.1,4
MBZ5650196.1,0
MBA3413667.1,4
MFI5252201.1,0
PYX87277.1,0
MBA3946353.1,4
MBL0024116.1,1
HZS74973.1,4
WP_448451596.1,4
MHR9473303.1,0
MHS4613702.1,3
HTP69074.1,0
MGA2592307.1,0
HEX6516685.1,4
HEX2122940.1,0
MFN7471804.1,2
MHD7395950.1,0
MBA2314556.1,4
MFL5643115.1,4
MBV8783277.1,0
MCW5879393.1,4
MGA2777193.1,0
MHL3972621.1,0
MHS2471996.1,4
MHL4991445.1,4
WP_439882113.1,4
MGB8693364.1,0
HET9994561.1,0
MBZ5721258.1,0
RWI04973.1,4
WP_202333397.1,4
MHS8037577.1,4
MHK5848439.1,0
MGA3104837.1,0
MGH7677062.1,0
MBV9251960.1,0
MEX2152290.1,0
HEY2683274.1,0
MHI0375289.1,0
NYT24173.1,0
HZO55465.1,0
MHS3279568.1,0
HJQ20299.1,0
HSK87435.1,4
MBZ5600782.1,0
MHF1752986.1,0
HEX8990528.1,4
MDP9244531.1,4
MHH8804502.1,0
MHD5121780.1,0
MEQ1576129.1,4
MGA8310128.1,0
HET8925624.1,0
HVL65996.1,0
OLS24087.1,4
MEE1432369.1,4
HXN50962.1,0
WP_146531439.1,0
MHD4906239.1,4
MEA2783287.1,2
PYR43635.1,0
WP_460561692.1,1
HUF23118.1,0
WP_358515207.1,4
HET6205707.1,0
MGB8775552.1,0
MHA1993549.1,4
MEX2183407.1,4
MCX6059247.1,4
WP_458985335.1,4
MFL6537113.1,0
HEV2894944.1,4
MFQ5819696.1,0
HEY2046790.1,0
HET7292768.1,4
MEY4705525.1,3
MEO6971369.1,0
HAV77592.1,4
MDH5556518.1,4
MBN2335473.1,0
MFN2433677.1,0
MFZ0773121.1,0
HKH99135.1,0
MCZ6798683.1,4
PYO94048.1,0
HRG23688.1,1
WP_390559816.1,4
HSB08809.1,0
CAB1079882.1,4
MBI5496693.1,4
MHL8683530.1,4
HEY8562430.1,0
HVR67431.1,2
PYL10496.1,0
MBM3124062.1,4
MHE3559190.1,4
WP_252742137.1,0
WP_129603455.1,1
WP_247075061.1,1
HSL24099.1,0
WP_322867648.1,4
WP_123029376.1,4
MHF9188096.1,0
WP_151177377.1,4
MHF1728453.1,0
HVI83411.1,0
MGO4884954.1,0
MCG6888976.1,4
HSW43010.1,4
MCC7440382.1,4
WP_166987513.1,4
MDQ2934218.1,4
MHE4887739.1,0
HEV2147459.1,0
MBP1694804.1,4
MBM3180164.1,4
WP_482923007.1,4
HLY62120.1,0
MDH3649220.1,1
HUE90360.1,0
WP_414888005.1,4
WP_441771571.1,0
HEX5474211.1,0
HEV2379964.1,0
MGC1387848.1,0
QNK63860.1,1
MHS2777715.1,0
PYL04076.1,0
MHS6098857.1,0
HEY2109481.1,0
MDQ2889000.1,0
HEV8404062.1,4
MFO0623242.1,4
MDB6086661.1,0
MCA9513676.1,4
HJW74138.1,4
MCU1268977.1,0
MDH3222755.1,0
MGH9649339.1,0
MCC7024982.1,4
HUQ81896.1,0
HEX3643287.1,4
WP_027134632.1,4
MBT3700209.1,4
KAG7119112.1,4
MEO8440632.1,0
HXG10174.1,0
WP_013794779.1,4
NUO95908.1,0
MHE3432861.1,0
HTS12484.1,0
MGB2953092.1,4
MHE7248571.1,1
HEX7841159.1,0
MBU6374954.1,4
WP_472609303.1,1
HXH70961.1,0
MHE3062918.1,0
HEY7502665.1,0
MEP7292745.1,0
KAL7928200.1,4
HEY0306344.1,0
HEV3393871.1,0
MDA7510531.1,4
HVB36429.1,0
MEO6655201.1,0
MBV6416384.1,0
PVH83132.1,4
MHT5957189.1,0
MHH8703437.1,4
HEX4285711.1,0
MEX0923555.1,4
MGA2095202.1,0
WP_258585601.1,4
MCX7378507.1,2
WP_117191531.1,4
MBM3734289.1,0
MDH5474496.1,1
MBA3717889.1,4
MEX0289059.1,1
MBM3832490.1,0
MGQ0560955.1,0
MCQ3938490.1,4
WP_478255179.1,4
HEX8060640.1,1
HEX4487299.1,0
MBZ5701085.1,0
MDH3462563.1,2
WP_408399964.1,4
MRH99363.1,1
MGN6532957.1,1
HXW75542.1,0
MCC6223049.1,4
HEY7293014.1,4
WP_126243361.1,0
EJM14896.1,4
GIX05959.1,4
MGE0467284.1,0
HEY1297756.1,4
HET7513146.1,0
RPI51853.1,0
MHF9774728.1,4
HEY2743129.1,4
HEX7112951.1,0
MFQ5968763.1,0
HUL33143.1,0
MHK3695576.1,4
MHD8480244.1,0
MHS2692207.1,0
MCE9531739.1,0
MBV8353181.1,0
HUJ80981.1,0
MHR6930683.1,0
MHS8565507.1,4
MBA3296462.1,0
WP_485758340.1,4
HEY4282524.1,0
WP_162464824.1,4
MCB0323174.1,4
MDQ3328519.1,4
MGI9644312.1,2
GAC1623181.1,0
WP_476306151.1,4
HVQ35266.1,0
CAR3157815.1,4
HKS83735.1,0
HXE90403.1,0
WP_472812246.1,0
RKU49111.1,4
MGH8928508.1,2
MEK6286031.1,0
HEY7855624.1,0
WP_218055305.1,3
MEO5891967.1,4
HEY2118595.1,0
HSB20965.1,4
MBA2570971.1,4
MEP6686496.1,0
MFO0738559.1,0
HET6222799.1,2
HTU41735.1,0
MAQ10112.1,4
HUD99578.1,0
HYY83365.1,4
HEX7517195.1,0
MEA2549448.1,4
WP_104001868.1,4
MEZ4266764.1,4
WP_119302110.1,2
MHS1014402.1,0
HUO27025.1,0
HUE52927.1,0
MGB2874169.1,4
MGA2623738.1,1
WP_424640531.1,4
MBA3307432.1,4
WP_066901304.1,4
HEY5992531.1,0
WP_193349211.1,0
MHS6301076.1,0
WP_120497904.1,4
MBJ90084.1,0
MHS8074483.1,0
HKF41427.1,0
WP_487574249.1,1
WP_379934468.1,1
HET7151956.1,0
MDX1406124.1,0
MHS5040972.1,4
WP_093361661.1,4
HJR67332.1,0
MHT5784198.1,0
MBP6789051.1,2
MHL5419291.1,0
MHS5899692.1,2
MDF2682393.1,4
MGH9712431.1,0
HWB42315.1,0
MBV8073150.1,0
MBW2610875.1,4
WP_353642575.1,4
PYK04506.1,0
WP_207360999.1,4
HMD17291.1,0
MGD0695794.1,0
WP_185050235.1,4
MHS7340600.1,0
MFN7966789.1,0
MHE3910636.1,0
MHS5524010.1,0
HXM43232.1,0
MFZ5616352.1,0
HEY3999109.1,0
HEV3243890.1,0
HEY8013793.1,2
HXH08090.1,0
OQX24699.1,4
WP_397341840.1,4
MGB8061218.1,0
WP_245859520.1,0
HET9724048.1,4
WP_475085512.1,4
QXD25434.1,0
MHL5377926.1,2
MEC7902873.1,4
HUF65535.1,0
WP_163747112.1,4
GAC2353810.1,0
HET6202917.1,0
WP_284348132.1,0
MHS5056653.1,4
WP_176004360.1,4
MFT5366378.1,4
MFT5139113.1,0
HXT77535.1,0
HKF26591.1,0
MGH3071210.1,4
HZR78010.1,0
MDH5668147.1,3
MGI8485707.1,4
MGE3650096.1,4
WP_298359901.1,1
MBN1207994.1,0
HSJ65361.1,0
WP_350103723.1,0
MHE2129523.1,0
MBS1835214.1,0
MBA2344294.1,4
WP_109460303.1,4
GAB1469809.1,4
HEX9447601.1,2
PYK35592.1,0
MBA3383350.1,4
MFZ5733102.1,4
XWC61390.1,4
HEX9222865.1,0
NJD31960.1,0
MBV8819261.1,0
WP_066253960.1,1
MBA3318345.1,0
WP_395844854.1,0
HEX4426200.1,0
WP_428272083.1,4
MCY0880001.1,4
HSN93110.1,4
MCH7565818.1,0
MHM1580117.1,0
WP_162390147.1,1
MHR5308670.1,0
HQR31431.1,0
MBI3159177.1,2
HLG53332.1,0
MHD4838062.1,0
MGA9471101.1,0
MHK4237618.1,1
HBR86921.1,0
MHK1758440.1,0
MBA2501293.1,0
HEY3601602.1,0
MHE6440263.1,0
WP_259831466.1,1
WP_426411754.1,4
KAI9727049.1,4
MFO0763104.1,0
KAH7323714.1,4
MHR5063049.1,0
MBT6931333.1,4
MBK8616606.1,4
MHS1851606.1,4
HSA61203.1,3
MFI5182989.1,0
WP_221799545.1,4
MCI0706522.1,0
OLC05272.1,0
WP_163673790.1,4
MBA2557160.1,4
MET0702331.1,4
MFO1540052.1,4
PYT70916.1,0
CAF4319011.1,4
WP_040478456.1,1
MHL5113798.1,4
WP_088049292.1,4
HZE25916.1,0
HEX7499367.1,4
MHS2774898.1,0
MEM8886753.1,1
RZJ34800.1,4
WP_415078413.1,4
HJP73796.1,4
HLK61718.1,0
MHR5075951.1,0
MGA2421161.1,0
MBH0201355.1,3
HMK30932.1,0
MHE0541033.1,0
CAF1164574.1,4
HEX2597389.1,0
HWZ83876.1,0
MHJ8652338.1,0
MCG8468600.1,0
HMA33184.1,4
MGO9204842.1,4
OLB15000.1,0
MGD0164058.1,0
HYC88928.1,0
MBF0207143.1,4
HWP36019.1,0
MCL5967480.1,4
MHT4844429.1,0
HSK13744.1,4
HLE92129.1,4
WP_002623707.1,4
HUN62867.1,0
HET7100043.1,0
HZS10641.1,3
MFT6285525.1,4
MGH8134768.1,0
XP_073610368.1,4
HEV3276049.1,0
MHT5285558.1,4
MEA2557938.1,4
MCP4983490.1,4
HEX4667541.1,0
HTG48286.1,4
WP_230796709.1,4
MGI6767051.1,4
HEX4404899.1,4
MEM7331332.1,0
MDP8911313.1,4
HLZ52669.1,0
WP_401967767.1,4
MGD9563661.1,0
WP_380970322.1,4
MEA2522496.1,4
HEY2855118.1,0
MBM3259852.1,4
HSA94905.1,0
HEX7599746.1,4
HSK94827.1,4
XP_038754907.1,4
HEV8612584.1,0
MEZ5377018.1,2
HIR5190286.1,1
HEX7390594.1,4
MBI3474671.1,0
MBE9544255.1,4
HUP28224.1,0
WP_244554981.1,4
WP_360316629.1,4
MHS8466991.1,0
WP_217830383.1,4
HEX6193391.1,4
RPI12559.1,0
MED5421767.1,0
WP_119931299.1,4
WP_262290865.1,4
MHR9820074.1,4
HXW17788.1,0
HEY2638389.1,4
MGQ0810310.1,3
MHS8500837.1,0
PYJ09904.1,0
HLE71426.1,0
MBC7543550.1,4
HZH89218.1,0
HEV7604475.1,4
WP_488066030.1,1
HUA19460.1,4
WP_414926406.1,4
MHS7635033.1,1
PYJ41585.1,0
MCC5833559.1,4
UCC61853.1,0
MHE1156049.1,0
HXY31451.1,0
HSE50318.1,0
HEV3408011.1,4
WP_167926954.1,4
MFT4537558.1,1
WP_339631144.1,1
HEY1383731.1,2
HEX7948814.1,4
MDQ4045222.1,4
HJT46453.1,0
PCJ96565.1,1
HKN32268.1,0
WP_306681166.1,4
WP_280823049.1,4
WP_438480560.1,0
MEO8357172.1,4
WP_308911117.1,0
MHS4041762.1,0
HET7601273.1,0
HEY6482194.1,0
MGB5819400.1,1
HEX3848583.1,0
NWG14650.1,0
WP_349640019.1,4
CAF2460737.1,4
MBP6176794.1,4
MFY9607061.1,0
MGH2534757.1,4
WP_420757557.1,1
MDP6820978.1,0
MDE2970952.1,0
MGH2554655.1,4
HMC56484.1,0
WP_271216205.1,4
MEY2479826.1,0
MHF1775264.1,4
WP_246008627.1,1
HET7227019.1,0
MGB6306357.1,0
HEV8545387.1,4
MBL8634431.1,4
WP_303437075.1,4
MGF9761602.1,4
HUP22449.1,0
MHS5309096.1,3
HKW57741.1,0
WP_374110460.1,4
TMI80662.1,2
MGB5499165.1,1
MCY3934529.1,4
MHE2113138.1,0
TNE45431.1,0
MBI3579330.1,0
MFL5950929.1,4
HIG60725.1,4
WP_251106722.1,0
WP_092554227.1,4
KAL6233603.1,4
MDQ3941747.1,4
HVK01125.1,0
HUB02949.1,0
WP_178380016.1,4
MFL5612637.1,0
MFN8591845.1,4
WP_339670586.1,4
WP_087476455.1,3
MBA2623393.1,0
MHE3620453.1,4
WP_139400659.1,0
MBL8794776.1,0
MGH8016955.1,0
MBP9183241.1,4
UPT62776.1,4
CAF1086609.1,4
MFZ1660929.1,4
HXC10882.1,0
WP_025410098.1,0
MCX5754593.1,0
MDP9185306.1,4
HEX4951281.1,0
WP_322060112.1,4
MFN8644061.1,0
HXG75165.1,4
WP_184071056.1,0
HUE49807.1,0
PYP17759.1,0
MDB5153262.1,1
WP_421783042.1,4
MSV32664.1,0
MCO4833577.1,2
MEL7042214.1,4
HWJ34115.1,0
WP_460450711.1,4
MFN2382982.1,0
MGA2826015.1,4
HEX3741924.1,0
MEO7986621.1,0
WP_099136612.1,4
HEY0656478.1,0
MBC7829656.1,1
HEY0541867.1,4
HYC31089.1,0
MFN3681866.1,3
WP_191042039.1,0
HYI97280.1,0
WP_293240914.1,4
MCI0748401.1,0
HZF35199.1,2
MCY3413233.1,4
MEM6481069.1,4
MBM4161069.1,0
MEE3188887.1,0
MES2209205.1,4
HUQ95961.1,0
WP_267854820.1,0
MHS6276140.1,0
WP_368652581.1,4
MDH5640302.1,3
MGH9735600.1,0
WP_280958518.1,4
MHF1733721.1,4
HTG51265.1,0
HEX8872022.1,0
HUA14728.1,0
HTT33038.1,0
WP_085146591.1,4
WP_320508519.1,2
WP_273597507.1,4
WP_200506136.1,4
HUD63418.1,0
MFY9753687.1,0
MHV9946271.1,3
MDQ6807768.1,4
MFP2911750.1,0
WP_454746947.1,4
MFL5806884.1,4
HET9856412.1,0
WP_489311834.1,4
HUZ62714.1,2
MDP9472694.1,4
MHL8375567.1,4
MEQ8788838.1,0
MDR0809082.1,4
MFN8403383.1,4
WP_182011154.1,4
XP_020119887.1,4
MHF1391939.1,0
HEX6172172.1,1
MGB7603315.1,0
WP_122918167.1,4
WP_395953516.1,4
WP_132796041.1,1
HEY5037187.1,0
MFO0705369.1,3
WP_340067163.1,1
MHH9234753.1,0
MGA8867333.1,0
WP_129888786.1,2
HEX5886104.1,0
MEO7117716.1,4
MBX6325727.1,0
MHS1005500.1,0
HVD11306.1,4
HYC10762.1,0
WP_120532675.1,0
HEX2203793.1,0
HEU5247261.1,0
MBS0184374.1,3
HNN14287.1,4
NOT06524.1,4
WP_090897850.1,3
MEP6933493.1,3
RLD20032.1,1
WP_481697830.1,1
HEY1401589.1,0
WP_283064413.1,4
HRA31221.1,4
MGH7560162.1,0
MBA3336442.1,4
HEX9582777.1,0
WP_348781653.1,4
MHE3396981.1,0
HIR5255670.1,4
MDQ2868496.1,0
MDH5368174.1,1
MEQ9592302.1,0
MDP9184307.1,4
MBS1875594.1,0
HLL51060.1,4
HZR57434.1,0
HEU4649237.1,0
WP_100985875.1,1
MEY2487934.1,0
MBL0307573.1,1
HET9309925.1,4
MEA2596517.1,4
MHS4664199.1,0
MFZ0539678.1,0
MEJ2747821.1,2
HRQ32984.1,4
OGX81633.1,1
WP_006005270.1,1
MHS6080933.1,0
WP_105549940.1,4
MGH7580909.1,0
MHR9803443.1,0
WP_420455886.1,0
MHD7554921.1,0
MHS5749632.1,3
HTV60086.1,0
MCC6719454.1,2
GDX87029.1,0
WP_470916944.1,4
HVH11186.1,0
MEP6995291.1,0
MEM6805088.1,1
MEI7467524.1,0
MCL4820068.1,0
MHS5107671.1,0
WP_400665839.1,4
WP_221453002.1,1
WP_171520204.1,4
WP_166565373.1,1
MDH5401635.1,4
WP_148352243.1,4
HLJ35281.1,4
MDZ8107836.1,4
HEY7532028.1,3
HET7535779.1,0
HEV2551694.1,2
MGB5630763.1,0
HEY7197284.1,4
WP_345257639.1,4
HXJ87498.1,0
MCP4184653.1,4
MDE2371520.1,4
HET8560943.1,4
HUP01432.1,0
MHT8092127.1,0
PYM00132.1,0
MEX0717907.1,0
HEV8618838.1,0
CRJ90772.1,4
MHE1766383.1,0
MHT7125570.1,0
HWS69663.1,0
HTK75620.1,0
HMJ59539.1,0
MCC7155128.1,0
WP_455370586.1,3
WP_088560144.1,4
MHR7090967.1,0
MHO2824699.1,0
MGV8986667.1,4
HTC67848.1,0
MBL8544451.1,4
WP_424257590.1,4
MHT8182536.1,0
HXJ95460.1,0
NBT29760.1,4
MFT5483039.1,0
RYZ00785.1,4
MHQ2364363.1,4
WP_255157537.1,1
WP_489696216.1,1
MHR5557719.1,3
WP_448454133.1,4
WP_092006743.1,4
PYV87408.1,0
WP_114869502.1,4
MBL9216500.1,0
WP_031322591.1,4
PYP36050.1,0
WP_483786009.1,0
MEO8291180.1,4
WP_380248183.1,4
WP_135129585.1,4
GMV05014.1,0
WP_335327130.1,4
HEY5728452.1,4
HTH57288.1,0
WP_231402756.1,4
MGH3039403.1,4
MFZ0278147.1,0
HOP19754.1,0
WP_345361354.1,4
MFI5311863.1,0
WP_310174542.1,4
WP_417584592.1,4
WP_067149098.1,1
MBI3981843.1,0
HVC15064.1,4
HXL07552.1,0
MCE2439663.1,4
WP_432619728.1,4
MEJ1995105.1,4
HSL29831.1,4
HXI11532.1,0
WP_458838028.1,4
HVF27974.1,0
MHE3649311.1,4
HEV3469522.1,0
MHT5706364.1,2
MGH7215627.1,3
WP_054586881.1,0
HEY1332112.1,4
WP_349632833.1,4
MGE0116797.1,2
WP_325388849.1,1
WP_460941942.1,0
MBO0911456.1,0
MHF9991616.1,0
MHS7269746.1,4
HKY26886.1,0
MDE2982344.1,0
MSS70151.1,4
HEX5823695.1,4
WP_226362591.1,4
HEV3304969.1,0
HIR5554747.1,0
WP_455979873.1,4
MFL5715201.1,4
MFP5489502.1,2
MBS0373416.1,0
KRP00630.1,1
WP_343502168.1,4
WP_151117747.1,4
MDP1714164.1,4
MBL8691335.1,2
MGH9769284.1,0
MCC6807364.1,4
BFP43470.1,4
MGC0775531.1,0
WP_025134240.1,4
WP_438340005.1,4
HEX9402486.1,4
HKO04764.1,0
WP_248343801.1,4
MCI0523881.1,0
MGK0301860.1,1
HJX98186.1,0
HTA50593.1,0
WP_416004851.1,4
WP_045075432.1,4
KAG5363736.1,4
MHS0577100.1,4
WP_092508766.1,4
MHL1747909.1,3
MDB9883480.1,1
MEZ5040514.1,0
WP_250791136.1,4
HKP03235.1,0
WP_133230202.1,1
MEW6084605.1,4
MHL0237350.1,2
HEY4843915.1,0
MDO8357784.1,3
WP_165172705.1,4
MGB8834565.1,0
MHK5880150.1,4
MGH9498635.1,0
PYT94222.1,0
MHL2475803.1,4
MGD0435259.1,0
WP_040006137.1,1
HIR5950724.1,4
HXZ39793.1,0
WP_277919732.1,4
MEE2876903.1,0
MCB0102351.1,4
MBA4157979.1,0
HEY6973422.1,3
PYK25510.1,0
PYJ67992.1,0
MFN8401834.1,4
XWI52194.1,4
MFN7945647.1,0
HEY1250748.1,0
MDP9396731.1,4
WP_108607430.1,4
HWH37628.1,4
MBV9986493.1,1
HKV25832.1,0
CAD6445789.1,4
HTW67449.1,4
TMP91928.1,0
NND70743.1,0
HYL68364.1,0
HWR59180.1,0
WP_230731597.1,4
HZD48970.1,0
MDH5625492.1,3
MGA7275519.1,0
HEU5314230.1,0
MCC6791771.1,4
WP_291882897.1,4
MBS1842219.1,0
MBA2418109.1,4
MGI8818831.1,0
MCG3180262.1,4
MBA2460367.1,4
PYR92251.1,0
MGH6928801.1,2
HEY1928235.1,2
HEV3253000.1,0
WP_074689908.1,4
WP_397012955.1,4
MDQ1694300.1,0
MFZ5821373.1,4
NQV87415.1,0
MFT4576463.1,1
MHF9907407.1,0
HEX2217753.1,0
MHN4093133.1,0
MEZ4641111.1,0
MGB7760241.1,0
WP_377294369.1,4
HEX8148234.1,0
MBX3331218.1,3
WP_288994594.1,4
HKW65804.1,0
HXW11041.1,0
MHE5922942.1,4
MHS3117984.1,4
MHL5259884.1,0
MGE4660973.1,4
MGI9077606.1,0
MHI0323771.1,0
MHS5168117.1,4
HEY7481997.1,0
WP_085519064.1,1
MFZ0687586.1,0
HVU50139.1,4
XXF76736.1,0
MHE6981890.1,0
MEC4891263.1,3
XP_002483551.1,4
WP_069946193.1,4
HXM11955.1,0
MBI5031103.1,0
HEY7685330.1,0
MAV36297.1,1
HEU4410869.1,4
HET8521955.1,4
HTU47614.1,0
MBX3228882.1,0
WP_105021368.1,1
WP_408303183.1,4
MGA8150912.1,0
WP_345344478.1,4
WP_182802823.1,1
MCJ7814658.1,0
HIR5670703.1,0
WP_206729046.1,0
WP_015103276.1,4
MHJ8534789.1,2
WP_064617582.1,4
MGA9503931.1,0
MGK0412650.1,1
HYL65424.1,0
MGZ3755845.1,1
MBA3351318.1,0
MGI8533633.1,4
MGH9470635.1,0
GJL82249.1,4
HEY7968615.1,4
MCH7854156.1,0
WP_176063818.1,4
MBU6428951.1,4
MGE3806570.1,0
WP_174211851.1,4
HEY1483614.1,0
MFA9230726.1,4
MSU47323.1,0
WP_166367206.1,4
PYI60173.1,0
MBA2489933.1,4
WP_040490384.1,0
PYI90660.1,0
MCI0611031.1,4
QQS40275.1,4
MBO9562512.1,1
MGC9951977.1,0
MGH9836968.1,0
GAC1515669.1,0
MBO0724120.1,0
MDQ3460570.1,0
WP_207902983.1,4
WP_036400899.1,4
HXZ33537.1,0
MBN8629545.1,4
WP_329662878.1,4
MHH6582612.1,0
MHD9017516.1,0
WP_370329339.1,4
WP_457935554.1,4
MBX3146466.1,0
MDT8857072.1,4
CAM5182413.1,4
CAF4207289.1,4
HKJ37347.1,4
HET6922949.1,4
HYA61738.1,0
RJP49641.1,4
HEY7512736.1,0
HVG61833.1,0
NIM90572.1,4
WP_345306256.1,4
MCE7734514.1,4
MHT6021579.1,0
MCJ7622110.1,0
WP_188584940.1,4
WP_163888239.1,4
MFL5402436.1,0
MHT7191936.1,0
HTH00011.1,0
MGB8581207.1,0
MHM0969110.1,3
PHS67987.1,1
WP_101655844.1,4
HIR3637994.1,2
HEV2177833.1,0
MHR7258840.1,0
MBV9074854.1,0
MDB5134274.1,1
HWF62540.1,3
MHE5345983.1,0
MEO7674911.1,0
MEX1297167.1,4
MGH6896357.1,0
WP_099122052.1,4
MHS6408852.1,4
MCK5304986.1,4
HTT61692.1,0
MGB5246919.1,0
MBI2616156.1,0
HEU5203259.1,4
HLW36314.1,0
PYI47012.1,0
MBS36451.1,4
MES1206123.1,4
MHT8419074.1,1
MHS8174795.1,4
WP_310755971.1,0
MEM9013484.1,4
WP_304387325.1,1
HEY7351785.1,0
HKP53039.1,0
MCE7991535.1,1
MGB2637843.1,0
WP_017360452.1,4
HEX4457059.1,4
HLZ92817.1,0
MHT5367746.1,4
HEX5849491.1,4
WP_095989960.1,0
MBP6793768.1,1
HSL64416.1,4
WP_416294083.1,4
MHR6778834.1,0
MBF0362793.1,4
MHR6632971.1,3
HKN66874.1,0
MBX9733043.1,1
HEX8360128.1,0
WP_169595199.1,4
MBI1732339.1,0
MBU2643166.1,4
HTI75035.1,4
GAB4173394.1,4
MEK6781917.1,0
HEY7611951.1,0
HNA18875.1,1
WP_008298745.1,4
WP_416286958.1,4
MDP8905025.1,4
WP_126593554.1,1
HLB36180.1,0
HYH87610.1,4
WP_463236811.1,4
HEY8179456.1,4
OUS03971.1,4
MHR7253187.1,2
MHO1602859.1,0
GHO48160.1,2
WP_111632016.1,1
MCJ7556228.1,0
MBA3961601.1,0
MBI2265429.1,4
MBV9884976.1,0
WP_258331749.1,4
MHR7022255.1,0
MHH6720158.1,4
WP_196991755.1,1
MGZ8510758.1,1
THJ21095.1,3
MGH7067257.1,2
HEX9786001.1,0
MBX7108521.1,4
MBT4525651.1,4
HTC10233.1,2
MHK1660460.1,0
WP_431157829.1,1
MFX0206757.1,4
OGB63736.1,4
WP_371367138.1,4
HXM74059.1,0
HET9408885.1,0
MHS2731008.1,0
HPE69148.1,4
WP_414484800.1,4
WP_420349366.1,4
HEY5495173.1,4
MUV06086.1,4
MCU0699008.1,4
MDE0807374.1,0
WP_473668085.1,4
HYY33086.1,4
HXN29522.1,0
MGA3299223.1,0
HPM77703.1,4
MEQ1793305.1,3
PLS79885.1,4
WP_140988377.1,1
HEV3209402.1,0
MBC7899195.1,0
MEX1125056.1,2
MGC1449343.1,0
WP_421592321.1,4
MHD7829053.1,4
MHS8756198.1,0
MFL6011797.1,4
MEP6885322.1,0
HEX3830499.1,4
MDQ3686751.1,0
MGD0425469.1,0
MDP9337932.1,0
WP_380310825.1,4
RIK32624.1,4
MBT4138900.1,4
MEZ4588111.1,0
MEK7407368.1,0
KXJ97334.1,4
MEA2528550.1,4
MBL8079571.1,4
WP_149375545.1,4
MHL3961632.1,4
MHS3765816.1,0
MCA9990400.1,2
MDF2371733.1,4
WP_486343972.1,0
MEP6808930.1,0
MCL6581238.1,4
MEO6136887.1,1
HMO56152.1,2
MGE5702062.1,4
WP_489091278.1,4
WP_150877768.1,1
WP_292996795.1,0
HEY4906919.1,0
HLL73370.1,0
HYP41526.1,0
WP_261496226.1,4
MGH3377464.1,4
HET6797917.1,0
MEO6307917.1,3
HXX73144.1,0
MBI4502326.1,0
HEX6944247.1,0
WP_375761342.1,0
MGZ3587966.1,4
WP_201918997.1,1
HET9658802.1,4
OJT18544.1,0
WP_465837959.1,0
HUF82664.1,0
HUR56996.1,0
WP_137113533.1,4
HVI93564.1,4
HXT67286.1,3
MHO2817133.1,0
WP_340854323.1,4
HEU5261114.1,0
WP_249080068.1,1
WP_434389990.1,4
WP_260544341.1,1
WP_488638292.1,4
HTC79399.1,0
MCA9557842.1,4
MFA4954052.1,4
MCB0580933.1,4
WP_246364817.1,4
HED66666.1,4
MFL5303834.1,4
XP_016629337.1,4
RMF78085.1,2
MGQ0667045.1,3
MFN2571694.1,0
MFN8634701.1,4
HEX2207060.1,0
MEE4145420.1,0
HEY2374510.1,0
MGA9564345.1,0
WP_171511005.1,4
MBV9300816.1,0
WP_439337573.1,1
WP_193386392.1,4
WP_036577661.1,4
MBO0851865.1,4
WP_303482222.1,4
MCF7764907.1,0
WP_208245854.1,4
WP_121988504.1,3
WP_386091289.1,4
MGA9858989.1,4
WP_340427764.1,1
MSP87430.1,2
MEO8393242.1,0
WP_389899056.1,4
WP_420853655.1,4
MBT3327004.1,0
MGD9743035.1,4
HEY3888222.1,4
MFP6723941.1,4
HEY8926515.1,4
HEY7637633.1,0
HEU4402264.1,0
HEX3529393.1,0
MHE3450991.1,2
MGI5863214.1,4
MGB6629597.1,0
HNS85250.1,0
WP_448150663.1,4
MCC6585814.1,0
PYU65682.1,0
HEX9415576.1,4
MFN8411607.1,4
MEY2602122.1,0
WP_419999951.1,4
WP_120643718.1,0
WP_404504993.1,4
MGH9795984.1,0
HZA98904.1,0
HEY0152628.1,0
HEV8391096.1,2
HUC28547.1,0
WP_141953081.1,4
CAF0765437.1,4
WP_408898504.1,4
KAL9019494.1,4
MHS2645510.1,0
MCB9730898.1,4
WP_066991157.1,4
WP_415791337.1,0
MHR6425860.1,4
WP_207823929.1,4
HLA71772.1,0
WP_059090741.1,4
HYI11214.1,0
MDB4874915.1,0
MGB8881225.1,4
WP_367784119.1,4
MEO6871822.1,0
PYI44974.1,0
MFO1337039.1,0
HET6695249.1,4
WP_123146718.1,4
HEX3284934.1,4
HZA91386.1,0
MHB8504186.1,4
MCX7381890.1,2
MET0771945.1,4
HJS58386.1,0
WP_113904320.1,4
MBU0801574.1,4
OYX45098.1,4
HXW93044.1,0
MHS8884889.1,4
WP_254245168.1,1
MHS0247087.1,0
WP_422589383.1,4
WP_048416480.1,4
MHG0793187.1,4
MDQ3491944.1,4
WP_453248981.1,4
WP_147171998.1,4
MEY2565123.1,0
WP_237869405.1,1
HYM49914.1,4
MBP6416839.1,1
WP_293857834.1,4
MGI9225826.1,0
HLF59581.1,2
HEY4950694.1,0
HEU0224976.1,0
NOS82434.1,3
KAF8515414.1,4
MHH9108173.1,0
MGB9234990.1,0
MFL2768127.1,4
MDQ2674452.1,4
MBI4662494.1,0
HEY0705983.1,4
WP_355220986.1,4
MGB9473638.1,0
WP_352785434.1,4
WP_381501729.1,1
WP_456051464.1,4
MBV9530719.1,0
MCK6449551.1,2
HVV56053.1,1
HEY0808878.1,0
MHE1866400.1,4
MEO5885955.1,4
HEX6820976.1,0
MHV1918263.1,4
MBU6278287.1,4
XWJ20642.1,4
MGO9403521.1,0
WP_378923664.1,4
MFL6600265.1,0
WP_325134993.1,4
MGB8801979.1,0
MHS8090245.1,0
MHS1186803.1,0
HET9278509.1,1
WP_420633833.1,0
WP_316804337.1,1
MFL6521803.1,0
WP_095989212.1,0
MEE8426133.1,0
MHS8238369.1,4
MHG0870859.1,0
WP_108074137.1,0
HLB47373.1,2
MGO8987185.1,0
MBV5316004.1,1
OHD20373.1,4
MHH9148528.1,0
TGO36437.1,4
HEY7423040.1,0
MBS99231.1,4
WP_090185038.1,4
WP_280834388.1,4
MEX2303706.1,0
PWI46838.1,4
MCY3870054.1,4
HLK16731.1,0
WP_264066585.1,4
MEK6763202.1,3
MBZ5689658.1,0
MAH82432.1,1
WP_309920339.1,1
MBV6423768.1,0
MFL5779598.1,4
HEY7860874.1,0
HUM46705.1,4
WP_288061067.1,1
WP_291160124.1,4
HZH66490.1,4
WP_419165331.1,0
WP_276485409.1,4
MEW5849000.1,4
MSP61045.1,4
MCG3777572.1,3
HET9221988.1,4
HSP71372.1,4
MBS1675408.1,4
MHE3222443.1,4
MHT7377525.1,0
MBS1620092.1,1
MFN8075686.1,4
HEY7724107.1,4
HEY1658531.1,0
WP_383642275.1,4
MHD7598195.1,0
WP_257350660.1,4
HEY4270626.1,0
MDE2712240.1,0
MGO8794028.1,0
HZR06088.1,0
MEY4527369.1,3
HKV57863.1,4
HUG95810.1,4
WP_309115746.1,4
MGJ3244252.1,4
MCZ2458437.1,1
MHK6430430.1,4
HXU85233.1,4
WP_307266329.1,1
WP_343420785.1,0
WP_483345802.1,1
MFH1421769.1,4
HEX2711162.1,0
HSM57947.1,2
HZE58274.1,0
MGA8272484.1,0
WP_349864251.1,4
HEV2799017.1,0
NUQ11887.1,0
HWM28163.1,0
WP_224117708.1,1
RYY70883.1,4
HET8604984.1,4
WP_376812600.1,0
HEY5284583.1,4
WP_166363749.1,4
MUH45912.1,4
MHR4977604.1,0
WP_294972780.1,4
MHH9344820.1,4
HLW98568.1,0
MCH6258756.1,4
HKG92786.1,0
MHR6647074.1,0
HTO99738.1,4
MHE6364051.1,0
WP_352795656.1,4
RYY53190.1,1
MDP9382542.1,4
HTS09041.1,0
HXV63927.1,0
WP_149275080.1,1
HZV59527.1,0
HET8835897.1,0
MET0298524.1,1
WP_157192154.1,4
HEX9133710.1,4
MDQ3242817.1,0
HEY3196539.1,3
MBS1505075.1,0
MHH8619652.1,0
WP_062052725.1,1
MGH7982175.1,0
WP_245813195.1,4
MEZ4767936.1,2
WP_281039589.1,4
MBV8306616.1,0
MBI5137980.1,4
WP_401114153.1,4
HKU21889.1,0
HTA87785.1,0
HXQ42298.1,2
MHI0347775.1,3
WP_423721595.1,3
WP_482251261.1,4
WP_279295594.1,4
MCW3111714.1,1
WP_204055514.1,4
HJR22444.1,4
MHG0987472.1,4
HEX6908850.1,0
MFO0476448.1,4
MDG1892462.1,4
WP_396649455.1,4
MGZ3946074.1,1
MHH6904253.1,0
OLC87486.1,0
HUG14674.1,4
MFZ3263672.1,0
MHK5792485.1,4
MEJ5225111.1,4
HZW95626.1,0
MHD8517713.1,0
WP_067457714.1,4
WP_458839703.1,4
GIK82963.1,4
HEY5090442.1,4
MGC1484011.1,0
WP_473703364.1,4
HEX5425167.1,0
WP_256946191.1,1
MGH3587771.1,4
HNP96697.1,0
WP_139952375.1,4
MGC1834902.1,0
HEV7252767.1,4
MDE2700104.1,4
MBX5480384.1,4
WP_253525370.1,1
MFM9166404.1,4
MHF1024621.1,4
MHS6208887.1,0
HYS95528.1,0
WP_290475635.1,1
MEE8227605.1,4
WP_246584902.1,4
WP_367918955.1,4
HEX5018231.1,4
WP_372944091.1,4
HIR5095120.1,0
WP_119461219.1,4
MCE9646290.1,4
HWZ20427.1,4
MBA2565508.1,0
MHL5070332.1,4
WP_003886918.1,4
WP_454289490.1,4
HSJ75381.1,0
HIR5436349.1,4
WP_095981045.1,4
MHT5406453.1,2
MFO0700454.1,3
HTB29717.1,0
HKB27841.1,4
WP_370679325.1,4
MBL9099463.1,0
MGB8474961.1,0
WP_377931666.1,4
PZR76378.1,0
WP_301596139.1,4
WP_184963170.1,4
HET6940657.1,4
MCE2422087.1,0
WP_244616522.1,4
WP_460906366.1,1
HEX9771733.1,4
HXN00080.1,0
MHE6105406.1,4
KIN08643.1,4
MEY2460242.1,4
MEO6626550.1,4
MGK2926655.1,0
MFH1829590.1,4
MBT5926688.1,4
MHE3995414.1,0
HEX9154889.1,3
MDP9467178.1,4
WP_086425828.1,3
MCW1967584.1,0
MCC7417702.1,0
MDF3039258.1,4
MAC91475.1,0
HEY1446958.1,4
HEY7212591.1,0
HKW87233.1,0
MFI5356200.1,0
HTG50763.1,0
WP_295666597.1,1
MCU0394275.1,4
HEX9050162.1,4
HET7780551.1,0
MHL3411436.1,0
WP_353111840.1,4
KAJ7153910.1,4
WP_208261801.1,4
MBL7734167.1,1
MGN6377620.1,4
MCC7497033.1,0
WP_206718004.1,0
HTS34330.1,0
WP_407667464.1,0
MDQ3604095.1,4
MFL6246074.1,0
WP_352400469.1,4
WP_182840077.1,4
MEM7207888.1,4
WP_301933672.1,1
HKZ30941.1,0
MGA2213737.1,0
MHF9480078.1,4
WP_420438801.1,0
OGD12714.1,0
MHD8514301.1,4
WP_205004650.1,4
WP_399860213.1,4
HMG06224.1,0
MBV8515500.1,0
WP_183087670.1,4
MCA9500619.1,3
MGA7733147.1,0
WP_421829803.1,4
MGA7187386.1,0
MDH5175229.1,0
MHK0038160.1,4
OLD96311.1,0
MEQ1656382.1,3
WP_349239889.1,4
WP_428586618.1,4
MDT8068245.1,0
MDZ4794865.1,1
HEX7109940.1,4
MBW1842969.1,4
MHR6445661.1,3
MDN5942238.1,3
WP_322321218.1,4
HEX8213833.1,0
CAR3299585.1,4
WP_147031472.1,1
CAR3190129.1,0
WP_230467634.1,4
MBS1486532.1,4
WP_402958825.1,4
MBS2031884.1,4
MHS0477959.1,4
CAF3564026.1,4
WP_317158592.1,4
HLE14225.1,0
MHS8125235.1,0
HMU37875.1,4
MDP9272049.1,4
HVQ87348.1,4
MHS8731792.1,0
MCA9691639.1,4
MGB5371355.1,1
MCM3903709.1,0
HXG38371.1,0
HJW37896.1,0
PYP01808.1,0
HYN81916.1,0
MBW3535411.1,0
MBC7813491.1,4
MFL5492811.1,0
HET8964889.1,0
WP_292160784.1,4
MCS1407568.1,4
WP_339702753.1,0
HXU14945.1,0
HVP45385.1,0
WP_414660355.1,0
WP_386961523.1,0
HVR62393.1,4
MHS4547221.1,4
MFZ0386047.1,4
WP_199255609.1,4
WP_416439930.1,4
WP_111341728.1,1
MEA2507795.1,4
MGC4097677.1,3
MBA2383308.1,4
MDD2922215.1,4
HEX4601614.1,0
MEW6403408.1,4
WP_430899122.1,1
MBA2525496.1,0
MHS6818495.1,0
MBN2752995.1,4
WP_131450127.1,4
MFQ5790522.1,0
HMU09443.1,1
MGH2679790.1,4
HEX5647368.1,3
WP_020602853.1,0
HKO59608.1,0
MEM7640154.1,4
TML28943.1,4
WP_121007116.1,4
HEY2183507.1,4
MCP4629043.1,4
GAC2612014.1,3
HLA87883.1,4
MBA3892174.1,0
MDQ3138537.1,0
WP_302039923.1,1
MBP1702814.1,4
WP_051692878.1,4
WP_131742142.1,4
MFC9975972.1,4
HET6437019.1,4
MDH5525720.1,0
HIV7410185.1,4
HXW08006.1,0
WP_372951832.1,4
MGA7382551.1,0
MDC8451048.1,3
UCC41361.1,4
HKS67957.1,0
WP_149482329.1,4
WP_372941693.1,4
TAJ10266.1,3
MHO1653183.1,0
MBN1222414.1,0
WP_331128173.1,0
MHF1500156.1,0
MGA2396632.1,0
MBA3834977.1,0
WP_462974016.1,4
HLE51152.1,0
MBM4126842.1,3
MHR5763864.1,0
MGH7514325.1,0
OGR57500.1,4
WP_410017646.1,4
MDI3341245.1,4
HEV3182775.1,0
TAK14060.1,4
WP_059438617.1,4
WP_041884310.1,1
KAF2229096.1,4
HTM34024.1,0
MCA3132673.1,4
HEV8703279.1,4
MBZ0275422.1,2
GAC1301375.1,1
HXQ02723.1,0
MBS1521034.1,1
MGH7537841.1,0
HET6837660.1,0
MBX2935438.1,1
HEX8424599.1,0
HEY9286347.1,0
WP_013067117.1,4
WP_457225395.1,4
WP_109699208.1,4
HEY7848143.1,4
WP_357436250.1,4
MDP6804648.1,4
MBX2941766.1,0
MBT3797172.1,1
MEA2606256.1,4
MCQ2458033.1,4
HEX8749635.1,3
MHK9671573.1,4
MCP4752086.1,4
WP_247121553.1,0
MEE2619726.1,4
WP_322429688.1,4
MHK0099119.1,4
PYJ19181.1,0
HUY13404.1,0
MBS1759832.1,1
MDR2986010.1,4
MHD4449944.1,4
TML24534.1,4
HEV2224284.1,0
HIB64508.1,4
HEY3164360.1,4
HKP85566.1,0
HET6150099.1,4
MEJ7748298.1,4
MBV9645695.1,0
HKG47233.1,0
HEX5655022.1,4
HYR60339.1,3
GAB3886705.1,4
CAA9325878.1,4
MCZ6828295.1,4
MDA0347458.1,0
HYB54106.1,0
MBA3317017.1,0
MHL7024653.1,4
MCK9511813.1,0
MDP1920195.1,4
HEV8496570.1,0
WP_128256757.1,4
HEU4510242.1,0
MUP46464.1,1
HEX8688540.1,0
HXX41404.1,0
MBK6723045.1,1
MDH4152629.1,3
MGA2391180.1,0
HEX3420015.1,0
MEJ0019499.1,2
GMQ82737.1,0
HEX9699402.1,0
MCA9699487.1,4
HEY7129204.1,3
HEX4572935.1,2
MGD9597028.1,0
WP_024463823.1,4
WP_166356300.1,4
MBE23659.1,0
MEX1095174.1,0
MCB9110790.1,4
MBA3309744.1,4
HEU4883734.1,0
MHD7372327.1,1
HEX6679914.1,4
HET6283324.1,4
MHH9244718.1,0
MHL0625196.1,3
HEY2352990.1,0
MBK6289774.1,0
WP_259863697.1,4
MEM7414220.1,0
CAF3961430.1,4
WP_256138201.1,4
WP_401460199.1,4
MBA3832120.1,0
HEY4742742.1,0
MBK8440748.1,4
MGA8143555.1,0
WP_010845855.1,4
WP_256119314.1,4
KAG9739357.1,4
MFN8188363.1,4
MHD5083133.1,1
HKZ74775.1,0
HEY2064615.1,0
MFO0581737.1,4
HEX2250948.1,0
MEP7136171.1,4
MEC7848409.1,0
WP_379885224.1,1
HEY7376306.1,4
MBI1915552.1,0
WP_264276243.1,4
MHF1699841.1,0
MCC6674164.1,4
MDH4112347.1,4
WP_240761177.1,4
HYL46504.1,0
MGA9799794.1,0
HUE43126.1,0
HEV7764372.1,0
WP_377061235.1,4
MBU9763747.1,4
MCB9304470.1,4
HEV8509449.1,0
WP_088308436.1,0
MHS7252057.1,0
MBT9548040.1,4
MFN8357640.1,1
HZU27834.1,0
MDI1337082.1,0
MBH47902.1,4
WP_109922699.1,4
WP_150906043.1,4
WP_050525648.1,4
PYK13893.1,0
MBC7511348.1,1
HKG25376.1,4
HUJ94647.1,0
HEY4977643.1,0
WP_408898480.1,4
WP_352718347.1,4
MAB90763.1,0
WP_119268406.1,4
MHE2007257.1,1
PYL58443.1,0
MGH9336005.1,0
MDE2678822.1,0
MBA4170005.1,4
WP_084963435.1,4
WP_487687353.1,4
WP_143818826.1,4
MFO0774984.1,3
MBX3596719.1,4
MHS1238120.1,4
MHS6247368.1,4
WP_482454028.1,4
HEY5906573.1,0
HSR14508.1,0
XP_031896375.1,4
OQW44218.1,3
WP_345726435.1,4
HZQ25850.1,0
HSE13567.1,0
WP_440720677.1,4
PYK42013.1,0
WP_082175142.1,0
MGB3007559.1,1
HEY6629958.1,4
MEJ2205268.1,0
MDR2325143.1,4
WP_321551166.1,0
MHS2081292.1,0
HXH87132.1,4
WP_028968875.1,4
MCE2612338.1,1
MBK5295928.1,4
MBA3787256.1,4
MHE0485099.1,4
WP_162447359.1,1
WP_306492527.1,4
HEX5038730.1,4
HZE13197.1,0
MGB3307931.1,4
MHR9457362.1,0
MDQ3515677.1,0
MHS7577964.1,0
MCU0483814.1,4
NJN98355.1,0
CAA9506344.1,1
WP_162342439.1,4
WP_133236067.1,4
MDG1877134.1,2
WP_296982187.1,4
MGH7530180.1,0
WP_194214925.1,0
MSU48057.1,0
MDP9191329.1,0
MHK0150152.1,4
WP_190890074.1,1
MHR6803627.1,0
HEX6316196.1,0
MBI4626373.1,0
MEJ7810923.1,0
WP_092170870.1,4
HLF44834.1,1
MHT5329637.1,0
WP_418062395.1,4
WP_173051474.1,3
HEY3129930.1,0
MCC6471615.1,2
WP_123130386.1,4
HXT34473.1,0
MGW8264753.1,0
HLI87080.1,4
HEX9893761.1,0
TKS61839.1,3
HVF73050.1,0
HTT99761.1,4
MHR9840279.1,0
MBN1294988.1,0
MGB2589226.1,0
MBI1930259.1,4
WP_185798428.1,4
MGE5702170.1,4
CAQ8867018.1,4
MDH3430053.1,0
WP_180154897.1,0
WP_045836656.1,4
MHK6198055.1,4
HJY52880.1,0
HYX22107.1,0
WP_066219615.1,1
HMD73541.1,4
MHK1090101.1,4
WP_394387903.1,4
WP_375904097.1,4
MEA2133614.1,4
MGB8984370.1,4
WP_223128448.1,4
WP_281882769.1,4
HIR3932474.1,4
WP_068393292.1,4
RDV38268.1,4
MHH6980002.1,0
WP_199201544.1,4
WP_447600108.1,3
MCZ6706203.1,0
WP_299375679.1,4
HZA98497.1,0
TMJ26023.1,4
TKB68776.1,3
WP_083967963.1,0
HKJ16307.1,0
MEP6643739.1,0
MHE3979512.1,0
HEY5429859.1,4
MBF0313872.1,4
MCO5220584.1,4
MHQ2368131.1,4
MBT4890189.1,4
HZB11202.1,4
HEX5669659.1,1
MBU6320080.1,4
HYO72779.1,0
MHF1057349.1,4
HVF07383.1,4
WP_313527346.1,4
MHG0801469.1,0
TLY18481.1,3
WP_206809041.1,4
MHT7473953.1,4
HLQ21752.1,0
WP_249904390.1,4
MHT5634955.1,0
WP_358050940.1,4
MHR6982682.1,0
PYO89370.1,0
MBI4486962.1,0
MBG20686.1,4
CAF1006874.1,4
WP_062827960.1,4
WP_361276171.1,4
MBT6347927.1,4
WP_124997909.1,4
WP_231581500.1,0
MEJ2560263.1,2
WP_338867055.1,0
WP_349014330.1,4
HEX9244242.1,4
PYL85395.1,0
MFQ6046782.1,0
MHK2820673.1,4
HTS46987.1,0
WP_435800919.1,1
WP_047029192.1,4
HWD90371.1,1
CAB1056515.1,4
WP_461397851.1,1
HQX74529.1,4
WP_290338340.1,1
WP_477563894.1,4
BGH92170.1,0
WP_436639805.1,4
WP_163865716.1,0
WP_184930459.1,4
MBM4134654.1,3
GAC1381876.1,1
WP_224779287.1,4
WP_272135109.1,4
WP_071097880.1,4
WP_093279209.1,4
MCZ3389831.1,4
PIP88611.1,4
WP_373521500.1,1
MHH6908839.1,4
HKZ68374.1,1
HEX8858449.1,4
MBI3793019.1,0
HWD40354.1,4
MFL5640055.1,0
CAA9559476.1,4
MHR6969015.1,0
HEY7031111.1,4
MBX2925660.1,1
WP_459091824.1,4
MFN8271686.1,1
HEX2569783.1,4
HEV8599620.1,0
MCH8292580.1,4
MEO6685581.1,1
GMV40209.1,4
WP_461043205.1,4
WP_387035893.1,4
WP_082633553.1,3
MDA8236944.1,4
MGN6130279.1,4
WP_334026227.1,4
MEO1191133.1,4
TMA28059.1,4
MEO8462096.1,4
MBV9672757.1,4
MCC7178377.1,0
HCZ36979.1,4
WP_029115909.1,4
HZC35268.1,0
MEO8469684.1,4
MCC7032707.1,0
WP_147054064.1,1
MBX9458113.1,4
HMQ58440.1,4
HEY2930232.1,0
MBA3559824.1,0
WP_166569541.1,4
HVN18635.1,0
HZB00929.1,4
MFP2930772.1,0
MGC1616915.1,0
MHS6838661.1,2
MHL1569497.1,0
HEY7208548.1,4
WP_175650852.1,4
THV98780.1,4
HVI08652.1,0
MBP1705686.1,4
MBK6645563.1,4
MDQ3342316.1,4
MEM8811065.1,4
MGH7154916.1,2
MEQ9425004.1,4
MHS0087820.1,4
MHG0427715.1,4
WP_136646414.1,4
MFZ1293959.1,0
HEY0719332.1,4
HEU5170908.1,0
HQW65642.1,0
MHD9466709.1,0
MHI0351470.1,0
MEX1994824.1,0
WP_138645753.1,4
WP_420127993.1,0
HEY9519715.1,0
HEY1925199.1,0
MGD0494179.1,0
HKW41444.1,0
MHS7629993.1,0
MHF1513787.1,4
WP_074957517.1,0
WP_051248443.1,0
MFI5125683.1,0
HEY2027340.1,0
WP_345103419.1,4
HZS18345.1,0
WP_293868248.1,4
MGA7116918.1,0
HKB57542.1,0
HEX8699185.1,0
MBD3854519.1,0
WP_249915403.1,4
WP_426670754.1,1
HSG07597.1,0
TLY37302.1,3
MDP5053838.1,0
NKB61806.1,4
HEY9724760.1,4
WP_273231107.1,4
WP_423761464.1,4
MBI2895479.1,4
MHU1131642.1,1
MFP4081724.1,4
MBX3029979.1,4
HEY9385009.1,0
HYD41211.1,4
PYX07178.1,0
KJS10553.1,4
WP_211317828.1,4
HWY19580.1,0
WP_486680353.1,4
MGZ4363626.1,4
MGD2087816.1,0
WP_372907249.1,4
WP_341983740.1,4
MEM7053734.1,4
HAV63714.1,0
HJS48384.1,0
MGE5927162.1,0
HJR09337.1,0
MBC7477079.1,4
MEM7801573.1,0
MHS1202808.1,4
WP_374371739.1,4
MHK4009636.1,2
MGD8293664.1,0
WP_395017201.1,4
MDP6275295.1,0
WP_069085681.1,4
MBA3877136.1,4
HKM57411.1,0
TRZ88868.1,4
MFN2399792.1,0
HXJ07196.1,0
HKF51994.1,0
WP_169349357.1,0
MCT2533518.1,4
MDP3898019.1,4
WP_386734606.1,4
MFT4228721.1,4
MCC7461222.1,0
MEI6402714.1,2
MEZ4814566.1,4
MHS3925104.1,4
WP_360118066.1,4
WP_348443914.1,4
HEX6369319.1,0
HEV2489763.1,0
WP_344415010.1,4
WP_054292702.1,4
MHE3327581.1,0
HXO63625.1,0
HET6518969.1,0
MEZ4383641.1,4
HXD63398.1,4
WP_027033612.1,4
MHK6093626.1,0
MEP2669893.1,0
WP_081416858.1,4
HEX9166880.1,0
MHE4798176.1,0
WP_337182969.1,4
MBP9925779.1,4
MCY4572337.1,0
WP_149739981.1,4
MEA2510395.1,4
WP_370948781.1,4
MGD9147573.1,0
WP_358514558.1,4
WP_023776641.1,4
WP_272808023.1,4
WP_252677977.1,4
MBA2278632.1,4
MEP6936355.1,0
MCE2455828.1,0
NJD29887.1,4
WP_482251060.1,4
HEY8225618.1,0
WP_395927535.1,4
MDA7915914.1,0
WP_397488958.1,4
MHL5198362.1,4
PWT98691.1,4
WP_268861228.1,4
WP_188676577.1,4
WP_441710006.1,4
MBN2575545.1,4
WP_287150862.1,4
PYU05621.1,4
WP_247276453.1,4
MHH8561256.1,0
HMS09458.1,4
HET9661321.1,4
HEY5967298.1,1
MGE5711493.1,3
WP_100928115.1,4
WP_031469141.1,4
MBI3716271.1,4
HKK27541.1,4
WP_053249049.1,4
MCH8960071.1,0
HET7900706.1,4
MCH8294313.1,4
MBM3213408.1,4
WP_191858124.1,1
OFW60318.1,4
HEY6628478.1,2
HZR30547.1,0
MHH9153392.1,4
MDE2753499.1,0
WP_382399589.1,4
WP_242220483.1,4
HKE29048.1,0
MBB16385.1,4
MHR9409793.1,4
MGH6987011.1,4
HEX8814620.1,0
WP_313832861.1,3
MBX2915922.1,4
HYJ54216.1,4
HEY8625372.1,4
MEZ5805558.1,4
MHR7093389.1,0
MBA2595376.1,4
MDE2291070.1,4
MEO6298776.1,4
HJP79304.1,4
CAA9426890.1,0
HMC18612.1,0
HSL97031.1,4
WP_426693414.1,4
WP_338220273.1,0
MFI5311687.1,0
MEP4197075.1,4
HEY6565627.1,4
WP_292649093.1,4
MGB7924926.1,0
HEX8255932.1,0
MCG8706872.1,4
HXY07014.1,0
HIR2897593.1,3
MEY2559494.1,0
WP_083739293.1,4
MBS0397553.1,0
MGD0791988.1,0
WP_411339399.1,4
MES2253665.1,0
MBD0367461.1,4
MBX3584205.1,4
HXW90394.1,4
HLM66346.1,0
HET7204187.1,0
MHH8530909.1,0
MBI4220695.1,4
HXR33273.1,0
HEV8145068.1,0
HXE82497.1,0
HUU35239.1,0
OHC51675.1,4
MGH3308240.1,4
KAK0101959.1,4
MGB1715045.1,4
HTG54336.1,0
WP_224248478.1,0
MDX6398816.1,4
MHM0985010.1,4
MEZ5773554.1,4
MEC7850320.1,1
WP_227751837.1,4
PYX60558.1,0
WP_210086364.1,4
WP_082581483.1,4
MFM8691871.1,4
MFT4037507.1,2
MCH7991165.1,0
MFN0106913.1,0
HCM75356.1,0
MHE2151368.1,2
MBV9604200.1,4
WP_095769953.1,4
WP_152185237.1,4
NQW26596.1,1
MEM8960298.1,4
MBD0305352.1,3
MDH5723885.1,3
HKJ17035.1,4
HEY6635445.1,2
HJZ53200.1,0
MBV8050876.1,0
TKB94001.1,3
HYK83592.1,0
WP_081815338.1,4
MCJ1360224.1,4
WP_404826652.1,4
MET0395208.1,0
HMC64285.1,0
WP_397075349.1,4
OQA40789.1,0
MFH2203283.1,4
WP_413875869.1,4
WP_266928814.1,4
WP_395384832.1,4
WP_023517317.1,4
MEE8426698.1,0
MGH2456388.1,4
HYW75256.1,4
MBS0234592.1,4
HEV8149462.1,0
WP_091675197.1,4
MDK2741335.1,3
MCU0396792.1,0
WP_413670256.1,1
MFN0181067.1,0
MBL9008516.1,4
MBI3557102.1,4
MDQ2654712.1,2
HXL21434.1,0
RKQ85328.1,4
MFW5832540.1,4
HUG47126.1,4
MHI0471625.1,0
KAI5276609.1,4
WP_204225930.1,0
WP_376433181.1,4
MCZ6721775.1,4
MGH8124275.1,4
MGQ0702324.1,0
HEY7131958.1,4
HWB57052.1,4
WP_205236012.1,4
MHK0309668.1,4
OQW30608.1,3
MGA7624513.1,4
WP_263994558.1,4
TFG40106.1,0
MHR9262704.1,4
MDA8344648.1,4
OLA97631.1,0
HEV2362824.1,4
MEJ2230543.1,3
HEY7524904.1,4
MCL4466189.1,4
MFP4179622.1,4
MHD4772611.1,0
MGA2858400.1,0
HME39119.1,0
MDA0311176.1,0
MGK2863512.1,4
HKY44846.1,0
MHS5690225.1,4
WP_347906059.1,4
WP_455374383.1,4
HET9755943.1,4
MYK68866.1,0
MDG2168092.1,0
MHS8697738.1,4
HEX9028834.1,0
WP_164615121.1,4
WP_011554102.1,4
MDQ2907239.1,4
MGD0838820.1,4
HET7754518.1,4
HEY3359820.1,4
WP_293395470.1,4
HZH29607.1,0
MCX7306259.1,4
HEV8242515.1,3
WP_174455117.1,0
WP_378511272.1,4
HXO19452.1,0
MGO9127019.1,0
HNP35054.1,0
MEJ7760460.1,0
MDI9599833.1,4
WP_257315879.1,4
MGZ8392767.1,0
WP_412745481.1,4
OFZ26699.1,4
WP_200183424.1,4
WP_411031830.1,1
MGA9528046.1,0
WP_215373220.1,4
HQV54903.1,4
WP_121047716.1,4
MHR5730790.1,4
HEY2569507.1,0
HEY9196728.1,4
WP_199730632.1,4
MGH9312988.1,0
MDQ3708073.1,4
MHP7088911.1,0
WP_229478654.1,4
HEX7170322.1,4
WP_258158759.1,4
MDC0325254.1,4
HET7293653.1,0
MGD9853304.1,3
WP_184871989.1,4
MDX2253781.1,3
HXX60273.1,4
CAF2665253.1,0
MDR0519319.1,4
HYP99338.1,2
HEY0944781.1,0
MFM2105036.1,4
HLL75058.1,0
HSL94460.1,4
MGH9481369.1,0
HEY5627876.1,4
MFO7849573.1,4
WP_197682954.1,4
MEA3108252.1,0
MDX6566938.1,4
HXW54991.1,0
MFQ5629129.1,0
HVZ74632.1,4
HIR6243100.1,4
MHA2364538.1,4
MCM2270115.1,0
MHD9828854.1,0
MHD9984213.1,4
HYW29843.1,4
HEU0208869.1,0
MBT3558065.1,4
MEE8135272.1,0
MDA0328590.1,0
HMD40879.1,0
HEY2900515.1,4
WP_066176075.1,4
MCH2614290.1,4
HXV69519.1,3
WP_008877390.1,4
MHJ9552271.1,4
HKU92959.1,4
CAF3548373.1,4
HEY0039006.1,4
MGE0359104.1,4
HEX6432977.1,0
MDH4057296.1,0
NGZ09943.1,3
HEX3234976.1,0
HEV2084866.1,0
HJU47468.1,4
HUO14938.1,0
WP_160818952.1,4
WP_026768483.1,4
HZT19600.1,2
WP_131969075.1,4
MBA2332183.1,4
HLL01629.1,0
MGB4067476.1,3
MHJ8766788.1,0
MFT4151508.1,4
MHK3713246.1,4
MHL1247294.1,3
MCI0521163.1,4
HEU4995811.1,0
NWF72583.1,3
WP_251645237.1,4
HYX81031.1,0
MDA0739649.1,3
MBW0000195.1,0
HMK73917.1,4
HRI79166.1,0
HTD89016.1,0
MHK2440913.1,4
MHR5476284.1,0
WP_066454866.1,4
MHR9262254.1,4
HYO31582.1,4
WP_157254114.1,4
WP_140515017.1,4
MBI4420064.1,0
MFB3921869.1,0
WP_025050328.1,4
MHS3057290.1,3
WP_426751192.1,0
WP_156215398.1,4
HEX2540348.1,4
HMB61085.1,0
HYL62368.1,0
WP_477762123.1,4
NJL16023.1,3
MFQ9366787.1,4
WP_133531354.1,4
HEY7910201.1,4
OGD56559.1,0
MHH8899709.1,4
HYY35091.1,0
HEX9940055.1,0
HYB65014.1,0
HYE14611.1,0
MSV91776.1,4
HIR5587510.1,4
MEM9375958.1,4
WP_307987784.1,4
MCC6994905.1,4
MCA1615463.1,0
WP_321489021.1,4
WP_306410741.1,4
RUM49959.1,4
WP_281474850.1,4
MBX2897092.1,4
KJS13265.1,4
WP_430644857.1,4
HJY37186.1,0
OGR60193.1,4
MFA7634783.1,4
RGP72927.1,4
OOO05062.1,4
KAF3015880.1,4
KAK1249715.1,4
EJD53992.1,4
CAG1984789.1,4
KAJ2989006.1,4
KAK7543072.1,4
XP_008594668.1,4
PWI68834.1,4
XP_033651847.1,4
XP_045979563.1,4
KAJ7061049.1,4
KAK3214672.1,4
KAJ6200116.1,4
KAL5591506.1,4
MCJ1247025.1,4
XP_046018910.1,4
KAH6841675.1,4
KAK3375344.1,4
OAX79132.1,4
KAJ1337864.1,4
KAK4212596.1,4
KAF1986556.1,4
PGH17291.1,4
KAK8173068.1,4
KAK3064388.1,4
CAF9910025.1,4
KAH6411073.1,4
KAF1352549.1,4
OJD17781.1,4
KAF6813979.1,4
XP_066657014.1,4
MCJ1371484.1,4
KAK7560242.1,4
XP_025472873.1,4
PGH08406.1,4
SPO06286.1,4
QDS68602.1,4
KAK8207387.1,4
KAK1757171.1,4
KAJ3012359.1,4
KAH7082710.1,4
KAE9981566.1,4
KAF2838718.1,4
KAK4443159.1,4
KAH6630795.1,4
KAF4308764.1,4
KAK3941480.1,4
KAF5316182.1,4
ORY23273.1,4
KIM99721.1,4
KAK0657757.1,4
KAF5316030.1,4
XP_060288068.1,4
XP_033552252.1,4
OAQ89786.1,4
KAF2871402.1,4
KAF1951527.1,4
CCG81116.1,4
CAF3469035.1,4
XP_033666845.1,4
XP_033393746.1,4
OAA73079.1,4
KAJ8107323.1,4
KAJ3007173.1,4
KAJ2982121.1,4
KAF2654301.1,4
KAB5542972.1,4
XP_033388634.1,4
RDA92420.1,4
KAJ3161057.1,4
KAH7130252.1,4
KAF2634252.1,4
GME66265.1,4
ORX93758.1,4
MCJ1442451.1,4
KAJ4986988.1,4
XP_052918282.1,4
XP_021873390.1,4
XP_016215056.1,4
KAK3314211.1,4
KAF7363208.1,4
KAF2264956.1,4
PSS03421.1,4
PSN71927.1,4
MCJ1323931.1,4
KAL5121570.1,4
KAK4168453.1,4
KAJ9652470.1,4
KAI1436246.1,4
KAF2436876.1,4
KAF2025698.1,4
KAF1838466.1,4
XP_045995137.1,4
XP_040791520.1,4
XP_033684766.1,4
XP_030988819.1,4
XP_006673511.1,4
PMB63913.1,4
KKY15496.1,4
KFH46115.1,4
KAK5075757.1,4
KAK3984685.1,4
KAK0653376.1,4
KAH8903123.1,4
KAH7383905.1,4
KAH0489800.1,4
GFP60199.1,4
XP_018700390.1,4
XP_014080305.1,4
RFU81698.1,4
RCI10079.1,4
OSS51548.1,4
ORY30754.1,4
MCJ1447659.1,4
KAL1881193.1,4
KAI1088069.1,4
KAF2848399.1,4
KAF2503338.1,4
KAF1937443.1,4
CZR55755.1,4
CAI6342524.1,4
XP_020126024.1,4
XP_018703594.1,4
XP_009228567.1,4
PVH97262.1,4
OAL45610.1,4
KAJ4309771.1,4
KAI0017944.1,4
KAH7412301.1,4
KAF2832628.1,4
KAF2786503.1,4
KAF2707912.1,4
CAK7228994.1,4
CAA9962676.1,4
XP_033602342.1,4
XP_033528225.1,4
RMZ67586.1,4
KAK3192247.1,4
KAI8920397.1,4
KAI1826983.1,4
KAI0905849.1,4
KAH9878209.1,4
KAF2008173.1,4
EKG15743.1,4
XP_013425083.1,4
XP_008715313.1,4
XP_007918023.1,4
XP_007836588.1,4
KAK7742348.1,4
KAJ9132179.1,4
KAJ7480807.1,4
KAJ7444993.1,4
KAJ6546677.1,4
KAJ4393954.1,4
KAI1630602.1,4
KAH9907591.1,4
XP_052996108.1,4
XP_051370115.1,4
XP_049104257.1,4
XP_045285545.1,4
XP_006968366.1,4
XP_001796033.1,4
OCL03520.1,4
KAL2138899.1,4
KAK7755098.1,4
KAJ4299266.1,4
KAJ3495271.1,4
KAI8628813.1,4
KAI3320188.1,4
KAI1760268.1,4
KAI1504820.1,4
KAI1190856.1,4
KAI1175885.1,4
KAI1118413.1,4
KAI1080061.1,4
KAI0390737.1,4
KAI0200943.1,4
KAH7151713.1,4
GAP88417.1,4
CAK7246329.1,4
CAJ2505424.1,4
CAF9931460.1,4
XP_051313370.1,4
XP_049117870.1,4
XP_045953832.1,4
XP_043025316.1,4
XP_040713454.1,4
XP_025594114.2,4
PNP57387.1,4
OTB00277.1,4
KAL1610046.1,4
KAK9425884.1,4
KAK1834996.1,4
KAJ7246739.1,4
KAJ7136700.1,4
KAJ7124109.1,4
KAJ6479500.1,4
KAI1880794.1,4
KAI1324691.1,4
KAI1141412.1,4
KAF7545766.1,4
KAF2683065.1,4
KAF1972707.1,4
CEJ92669.1,4
XP_018704143.1,4
RYP41698.1,4
KKP03989.1,4
KAJ7085178.1,4
KAJ6447002.1,4
KAJ4372963.1,4
KAI1400096.1,4
KAI0477804.1,4
KAF2119335.1,4
KAF2102627.1,4
EMR69578.1,4
BCL78190.1,2
KEY67801.1,4
KAK6856226.1,4
KAI5460778.1,4
KAI4284170.1,4
KAI1809307.1,4
KAH8666439.1,4
KAF2731979.1,4
PMD46021.1,4
KAL1888099.1,4
KAK6082946.1,4
KAK5095995.1,4
KAK4228648.1,4
KAJ4015558.1,4
KAI0129599.1,4
KAH7324898.1,4
KAH6977519.1,4
CAK7206684.1,4
ROV96026.1,4
RBA09782.1,4
KUI73352.1,4
KAL2211199.1,4
KAK7414615.1,4
KAJ3184627.1,4
KAI6774868.1,4
KAI2628660.1,4
CAH0022270.1,4
XP_064731138.1,4
XP_040659994.1,4
XP_033404059.1,4
XP_018138010.1,4
XP_006669438.1,4
PYH88395.1,4
OAA81387.1,4
KAK7426218.1,4
KAK4500837.1,4
KAK0388874.1,4
KAJ7049038.1,4
KAJ7033815.1,4
KAJ6779841.1,4
KAI5259460.1,4
KAF1737187.1,4
XP_040674898.1,4
XP_030980781.1,4
XP_003013370.1,4
THY77164.1,4
PTB46090.1,4
KAK5658630.1,4
KAK2753026.1,4
KAJ4250153.1,4
KAJ3521519.1,4
KAH6981311.1,4
KAG0055833.1,4
CRG82713.1,4
XP_066821481.1,4
XP_013939850.1,4
WPH00681.1,4
USW46738.1,4
KAK3182031.1,4
KAH9432292.1,4
KAF5667054.1,4
CAK7235263.1,4
CAH0015075.1,4
XP_052948939.1,4
RFU75744.1,4
PNP59838.1,4
OOF96827.1,4
KAI4720617.1,4
KAI4121624.1,4
KAH8170324.1,4
KAH0373098.1,4
KAF4976718.1,4
KAF4975778.1,4
CAD0099353.1,4
XP_040772476.1,4
XP_038745799.1,4
PHH89013.1,4
KAJ6534125.1,4
KAI9829424.1,4
KAF7558483.1,4
EQK98241.1,4
XP_040731816.1,4
XP_006665580.1,4
OAA57145.1,4
OAA36863.1,4
KAK4687584.1,4
KAK2594680.1,4
KAK2593077.1,4
KAJ6785686.1,4
KAI1343156.1,4
KAH8646914.1,4
EPE02417.1,4
XP_044716112.1,4
XP_040883738.1,4
XP_018181110.1,4
XP_018150227.1,4
MCJ1224248.1,4
KZZ96641.1,4
KAI5208710.1,4
KAF7175008.1,4
CAF3994379.1,4
POR37373.1,4
KAK7028599.1,4
KAI0163973.1,4
KAH6887575.1,4
KAF3936824.1,4
OOQ86167.1,4
KFA60487.1,4
KAK6221979.1,4
KAI9151944.1,4
KAI5459261.1,4
KAI4748798.1,4
KAI1024134.1,4
KAH8170844.1,4
KAF7557017.1,4
ERT02476.1,4
EFY91865.1,4
XP_033592528.1,4
XP_024746107.1,4
PHH65928.1,4
KXH25792.1,4
KJZ74576.1,4
KAL2202475.1,4
KAF4595767.1,4
XP_066662665.1,4
XP_018138263.1,4
XP_016238657.1,4
KZW03907.1,4
KAI9896592.1,4
KAF2174472.1,4
XP_056554006.1,4
XP_046077636.1,4
XP_022389856.1,4
TDZ25235.1,4
OLN85327.1,4
KZL76252.1,4
KAK2730087.1,4
KAJ2982705.1,4
KAG5661867.1,4
KAF6840250.1,4
KAB8211857.1,4
XP_036586977.1,4
KAI4834542.1,4
RGP81058.1,4
PYI09720.1,4
KAJ4258154.1,4
KAH8892427.1,4
KAF5027610.1,4
OOF95037.1,4
PFH62027.1,4
XP_060413544.1,4
KAF2091571.1,4
KAJ0167069.1,4
XP_031010815.1,4
KAI4861257.1,4
KAI4766907.1,4
XP_002483621.1,4
XP_066621449.1,4
XP_033668376.1,4
KKY19299.1,4
KAK8046609.1,4
KAJ6627723.1,4
KAF1348043.1,4
UKZ51224.1,4
KAJ6564687.1,4
MCB0063641.1,2
KAJ7894164.1,4
WP_149403826.1,2
RYP83104.1,4
MEZ4864578.1,2
HNB52027.1,2
WP_126630707.1,2
WP_126556052.1,2
OAA70898.1,4
HKZ82135.1,2
XP_033432106.1,4
XP_015410819.1,4
MEZ4622330.1,2
MAT95532.1,2
KAF5541157.1,4
HZR43783.1,2
MEO6889778.1,2
MEM7533319.1,2
MCB9419593.1,2
KAL2692281.1,4
MGB0383984.1,2
MCI0431025.1,2
HYV89507.1,2
HLZ59229.1,2
HLF89065.1,2
MBK9942233.1,2
MBE7533288.1,2
KAJ4032516.1,4
MDP6664178.1,2
MDP6299876.1,2
MBK9712484.1,2
MBK8836598.1,2
MDA0837625.1,2
MCL4562233.1,2
MCB9432444.1,2
MBE7473890.1,2
RIK35561.1,2
PTD06630.1,4
MBM3944685.1,2
XP_029749602.1,4
WP_193879540.1,2
RYO97154.1,4
MFO7631136.1,2
MEY4234631.1,2
MCX6048431.1,2
MCB9435698.1,2
MCB9118915.1,2
HVI83818.1,2
HSG15711.1,2
HSD84643.1,2
MFN8457170.1,2
MEW5959924.1,2
MBZ0298082.1,2
MBM4422511.1,2
MBI3733407.1,2
HWQ16127.1,2
HEV2357508.1,2
GAB4453661.1,2
GAB4122442.1,2
MCY4583422.1,2
MCG3211787.1,2
KAI4275927.1,4
HUU62250.1,2
HLC05681.1,2
HKZ24439.1,2
HEU5102386.1,2
MFZ4660425.1,2
MEZ4734697.1,2
MDH4276725.1,2
MCY3865017.1,2
MCO5194108.1,2
MCE7982581.1,2
MBX3011688.1,2
MBW0005447.1,2
MFN8495939.1,2
MFN8467217.1,2
MEM7028732.1,2
MDE2750615.1,2
MCY4060842.1,2
MCI0439258.1,2
MCB9160311.1,2
MBP7960650.1,2
HUP16462.1,2
HSL25992.1,2
TAH49454.1,2
XP_051364432.1,4
NNJ09519.1,2
MEM7112214.1,2
MDH4308439.1,2
MBW7884363.1,2
HLY23766.1,2
HKX17395.1,2
THZ02990.1,4
KAF4454236.1,4
KJK78303.1,4
KAK3181925.1,4
XP_033430411.1,4
CAF1053946.1,4
1.AcAP,4
2.TcAP,4
3.EaAP,4
4.KoAP,4
5.MnAP,4
6.MsAP,4
